<?xml version="1.0" encoding="utf-8"?><book>
    <title>Data on the Web</title>
    <author>Serge Abiteboul</author>
    <author>Peter Buneman</author>
    <author>Dan Suciu</author>
    <section><section_ID>intro</section_ID><section_difficulty>easy</section_difficulty>
        <title>Introduction</title>
        <p>Text ... </p>
        <section>
            <title>Audience</title>
            <p>Text ... </p>
        </section>
        <section>
            <title>Web Data and the Two Cultures</title>
            <p>Text ... </p>
            <figure><figure_height>400</figure_height><figure_width>400</figure_width>
                <title>Traditional client/server architecture</title>
                <image><image_source>csarch.gif</image_source></image>
            </figure>
            <p>Text ... </p>
        </section>
    </section>
    <section><section_ID>syntax</section_ID><section_difficulty>medium</section_difficulty>
        <title>A Syntax For Data</title>
        <p>Text ... </p>
        <figure><figure_height>200</figure_height><figure_width>500</figure_width>
            <title>Graph representations of structures</title>
            <image><image_source>graphs.gif</image_source></image>
        </figure>
        <p>Text ... </p>
        <section>
            <title>Base Types</title>
            <p>Text ... </p>
        </section>
        <section>
            <title>Representing Relational Databases</title>
            <p>Text ... </p>
            <figure><figure_height>250</figure_height><figure_width>400</figure_width>
                <title>Examples of Relations</title>
                <image><image_source>relations.gif</image_source></image>
            </figure>
        </section>
        <section>
            <title>Representing Object Databases</title>
            <p>Text ... </p>
        </section>       
    </section>
</book>