<?xml version="1.0"?>
<dblp>
  <mastersthesis>
    <author>Kurt P. Brown</author>
    <title>PRPL: A Database Workload Specification Language, v1.3.</title>
    <year>1992</year>
    <school>Univ. of Wisconsin-Madison</school>
  </mastersthesis>
  <mastersthesis>
    <author>Tolga Yurek</author>
    <title>Efficient View Maintenance at Data Warehouses.</title>
    <year>1997</year>
    <school>University of California at Santa Barbara, Department of Computer Science</school>
  </mastersthesis>
  <www>
    <title>Self-organizing Map</title>
    <url>http://www.cis.hut.fi/nnrc/nnrc-programs.html</url>
  </www>
  <www>
    <title>Beowulf Project at CESDIS</title>
    <url>http://beowulf.gsfc.nasa.gov/beowulf.html</url>
  </www>
  <www>
    <title>The MPEG Home Page</title>
    <url>http://drogo.cselt.stet.it/mpeg/</url>
  </www>
  <www>
    <title>Ardent Software</title>
    <url>http://www.ardentsoftware.fr</url>
  </www>
  <www>
    <title>WfMC Standards: The Workflow Reference Model, Version 1.1.</title>
    <year>1995</year>
    <url>http://www.aiim.org/wfmc/mainframe.htm</url>
  </www>
  <www>
    <title>KAFFE</title>
    <url>http://www.kaffe.org/</url>
  </www>
  <www>
    <title>W3C: Extensible Stylesheet Language (XSL)</title>
    <url>http://www.w3.org/Style/XSL/</url>
  </www>
  <www>
    <author>Roy T. Fielding</author>
    <author>Henrik Frystyk Nielsen</author>
    <author>Tim Berners-Lee</author>
    <title>Internet Draft: Hypertext Transfer Protocol - HTTP/1.1</title>
    <url>http://www.w3.org/Protocols/HTTP/1.1/spec.html</url>
  </www>
  <www>
    <title>W3C: Document Oject Model (DOM)</title>
    <url>http://www.w3.org/DOM/</url>
  </www>
  <www>
    <title>W3C - The World Wide Web Consortium</title>
    <url>http://www.w3.org/</url>
  </www>
  <www>
    <author>Tim Berners-Lee</author>
    <title>Request for Comments: 1738, Uniform Resource Locators (URL)</title>
    <year>1994</year>
    <url>http://www.w3.org/Addressing/rfc1738.txt</url>
  </www>
  <www>
    <title>W3C: The w3c Query Language Workshop, December 1998, Boston, MA, USA</title>
    <year>1998</year>
    <url>http://www.w3.org/TandS/QL/QL98/</url>
  </www>
  <www>
    <editor>Donald D. Chamberlin</editor>
    <editor>Daniela Florescu</editor>
    <editor>Jonathan Robie</editor>
    <editor>J&#xE9;r&#xF4;me Sim&#xE9;on</editor>
    <editor>Mugur Stefanescu</editor>
    <title>XQuery: A Query Language for XML</title>
    <year>2001</year>
    <url>http://www.w3.org/TR/xquery</url>
  </www>
  <www>
    <editor>Peter Fankhauser</editor>
    <editor>Mary F. Fern&#xE1;ndez</editor>
    <editor>Ashok Malhotra</editor>
    <editor>Michael Rys</editor>
    <editor>J&#xE9;r&#xF4;me Sim&#xE9;on</editor>
    <editor>Philip Wadler</editor>
    <title>The XML Query Algebra</title>
    <year>2001</year>
    <url>http://www.w3.org/TR/2000/WD-query-algebra-20001204/</url>
  </www>
  <www>
    <title>W3C: Extensible Markup Language (XML) 1.0</title>
    <url>http://www.w3.org/TR/REC-xml</url>
  </www>
  <www>
    <editor>Donald D. Chamberlin</editor>
    <editor>Peter Fankhauser</editor>
    <editor>Massimo Marchiori</editor>
    <editor>Jonathan Robie</editor>
    <title>XML Query Use Cases</title>
    <year>2001</year>
    <url>http://www.w3.org/TR/xmlquery-use-cases</url>
  </www>
  <www>
    <editor>Donald D. Chamberlin</editor>
    <editor>Peter Fankhauser</editor>
    <editor>Massimo Marchiori</editor>
    <editor>Jonathan Robie</editor>
    <title>XML Query Requirements</title>
    <year>2001</year>
    <url>http://www.w3.org/TR/xmlquery-req</url>
  </www>
  <www>
    <editor>Mary F. Fernandez</editor>
    <editor>Jonathan Robie</editor>
    <title>XML Query Data Model</title>
    <year>2001</year>
    <url>http://www.w3.org/TR/query-datamodel</url>
  </www>
  <www>
    <author>Alin Deutsch</author>
    <author>Mary F. Fernandez</author>
    <author>Daniela Florescu</author>
    <author>Alon Y. Levy</author>
    <author>Dan Suciu</author>
    <title>Xml-ql: A Query Language for XML</title>
    <url>http://www.w3.org/TR/NOTE-xml-ql/</url>
  </www>
  <www>
    <title>OMG, UML Notation Guide, Version 1.1</title>
    <year>1997</year>
    <url>http://www.omg.org/techprocess/meetings/schedule/Technology_Adoptions.htm</url>
  </www>
  <www>
    <author>Arnon Rosenthal</author>
    <title>The Future of Classic Data Administration: Objects + Databases + CASE</title>
    <booktitle>SWEE</booktitle>
    <year>1998</year>
    <url>http://www.mitre.org/support/swee/rosenthal.html</url>
  </www>
  <www>
    <author>Robin Cover</author>
    <title>The SGML/XML Web Page</title>
    <url>http://www.oasis-open.org/cover/xml.html</url>
  </www>
  <www>
    <title>Transaction Processing Performance Council</title>
    <url>http://www.tpc.org</url>
  </www>
  <www>
    <title>Poet</title>
    <url>http://www.poet.com</url>
  </www>
  <www>
    <title>Ontos</title>
    <url>http://www.ontos.com/</url>
  </www>
  <www>
    <title>Yahoo</title>
    <url>http://www.yahoo.com/</url>
  </www>
  <www>
    <title>AltaVista</title>
    <url>http://www.altavista.com/</url>
  </www>
  <www>
    <title>IBM DB2</title>
    <url>http://www.software.ibm.com/data/db2/</url>
  </www>
  <www>
    <author>Jean-Loup Gailly</author>
    <author>Mark Adler</author>
    <title>Zlib Home Page (old location: http://quest.jpl.nasa.gov/zlib)</title>
    <url>http://www.cdrom.com/pub/infozip/zlib/</url>
  </www>
  <www>
    <title>Google</title>
    <url>http://www.google.com</url>
  </www>
  <www>
    <title>MetaCrawler</title>
    <url>http://www.metacrawler.com</url>
  </www>
  <www>
    <title>Objectstore</title>
    <url>http://www.odi.com</url>
  </www>
  <www>
    <title>Persistence Software</title>
    <url>http://www.persistence.com/</url>
  </www>
  <www>
    <title>Java Language Home Page</title>
    <url>http://java.sun.com/</url>
  </www>
  <www>
    <title>Objectivity White Paper: Choosing an Object Database</title>
    <year>1998</year>
    <url>http://www.objectivity.com/ObjectDatabase/WP/Choosing/Choosing.html</url>
  </www>
  <www>
    <title>Lycos</title>
    <url>http://www.lycos.com</url>
  </www>
  <www>
    <title>Versant ODBMS</title>
    <url>http://www.versant.com</url>
  </www>
  <article>
    <author>Abraham Kandel</author>
    <author>Mordechay Schneider</author>
    <title>Fuzzy Sets and Their Applications to Artificial Intelligence.</title>
    <pages>69-105</pages>
    <year>1989</year>
    <volume>28</volume>
    <journal>Advances in Computers</journal>
    <url>db/journals/ac/ac28.html#KandelS89</url>
  </article>
  <article>
    <author>Subrata Dasgupta</author>
    <title>Computer Design and Description Languages.</title>
    <pages>91-154</pages>
    <year>1982</year>
    <volume>21</volume>
    <journal>Advances in Computers</journal>
    <url>db/journals/ac/ac21.html#Dasgupta82</url>
  </article>
  <article>
    <author>Subrata Dasgupta</author>
    <title>The Structure of Design Processes.</title>
    <pages>1-67</pages>
    <year>1989</year>
    <volume>28</volume>
    <journal>Advances in Computers</journal>
    <url>db/journals/ac/ac28.html#Dasgupta89</url>
  </article>
  <article>
    <author>Subrata Dasgupta</author>
    <author>Bruce Shriver</author>
    <title>Developments in Firmware Engineering.</title>
    <pages>101-176</pages>
    <year>1985</year>
    <volume>24</volume>
    <journal>Advances in Computers</journal>
    <url>db/journals/ac/ac24.html#DasguptaS85</url>
  </article>
  <article>
    <author>Richard L. Wexelblat</author>
    <title>Programmed Control of Asynchronous Program Interrupts.</title>
    <pages>1-41</pages>
    <year>1975</year>
    <volume>13</volume>
    <journal>Advances in Computers</journal>
    <url>db/journals/ac/ac13.html#Wexelblat75</url>
  </article>
  <article>
    <author>Jonathan Grudin</author>
    <author>Steven E. Poltrock</author>
    <title>Computer Supported Cooperative Work and Groupware.</title>
    <pages>269-320</pages>
    <year>1997</year>
    <volume>45</volume>
    <journal>Advances in Computers</journal>
    <url>db/journals/ac/ac45.html#GrudinP97</url>
  </article>
  <article>
    <author>Virginia Mary Lo</author>
    <title>Operating Systems Enhancements for Distributed Shared Memory.</title>
    <pages>191-237</pages>
    <year>1994</year>
    <volume>39</volume>
    <journal>Advances in Computers</journal>
    <url>db/journals/ac/ac39.html#Lo94</url>
  </article>
  <article>
    <author>Anthony Iannino</author>
    <author>John D. Musa</author>
    <title>Software Reliability.</title>
    <pages>85-170</pages>
    <year>1990</year>
    <volume>30</volume>
    <journal>Advances in Computers</journal>
    <url>db/journals/ac/ac30.html#IanninoM90</url>
  </article>
  <article>
    <author>George W. Reitwiesner</author>
    <title>Binary Arithmetic.</title>
    <pages>231-308</pages>
    <year>1960</year>
    <volume>1</volume>
    <journal>Advances in Computers</journal>
    <url>db/journals/ac/ac1.html#Reitwiesner60</url>
  </article>
  <article>
    <author>Aviezri S. Fraenkel</author>
    <title>Legal Information Retrieval.</title>
    <pages>113-178</pages>
    <year>1968</year>
    <volume>9</volume>
    <journal>Advances in Computers</journal>
    <url>db/journals/ac/ac9.html#Fraenkel68</url>
  </article>
  <article>
    <author>W. J. Poppelbaum</author>
    <author>Apostolos Dollas</author>
    <author>J. B. Glickman</author>
    <author>C. O'Toole</author>
    <title>Unary Processing.</title>
    <pages>47-92</pages>
    <year>1987</year>
    <volume>26</volume>
    <journal>Advances in Computers</journal>
    <url>db/journals/ac/ac26.html#PoppelbaumDGO87</url>
  </article>
  <article>
    <author>Samuel D. Conte</author>
    <author>Hubert E. Dunsmore</author>
    <author>Vincent Yun Shen</author>
    <title>Software Effort Estimation and Productivity.</title>
    <pages>1-60</pages>
    <year>1985</year>
    <volume>24</volume>
    <journal>Advances in Computers</journal>
    <url>db/journals/ac/ac24.html#ConteDS85</url>
  </article>
  <article>
    <author>Stephen J. Andriole</author>
    <title>Command and Control Information Systems Engineering: Progress and Prospects.</title>
    <pages>1-98</pages>
    <year>1990</year>
    <volume>31</volume>
    <journal>Advances in Computers</journal>
    <url>db/journals/ac/ac31.html#Andriole90</url>
  </article>
  <article>
    <author>Mazin S. Yousif</author>
    <author>Matthew Thazhuthaveetil</author>
    <author>Chita R. Das</author>
    <title>Cache Coherence in Multiprocessors: A Survey.</title>
    <pages>127-179</pages>
    <year>1995</year>
    <volume>40</volume>
    <journal>Advances in Computers</journal>
    <url>db/journals/ac/ac40.html#YousifTD95</url>
  </article>
  <article>
    <author>Sandeep Gulati</author>
    <author>Jacob Barhen</author>
    <author>S. Sitharama Iyengar</author>
    <title>Neurocomputing Formalisms for Computational Learning and Machine Intelligence.</title>
    <pages>173-245</pages>
    <year>1991</year>
    <volume>33</volume>
    <journal>Advances in Computers</journal>
    <url>db/journals/ac/ac33.html#GulatiBI91</url>
  </article>
  <article>
    <author>Glen Bull</author>
    <title>Technology and Schools.</title>
    <pages>321-356</pages>
    <year>1997</year>
    <volume>45</volume>
    <journal>Advances in Computers</journal>
    <url>db/journals/ac/ac45.html#Bull97</url>
  </article>
  <article>
    <author>Bruce G. Buchanan</author>
    <author>Richard O. Duda</author>
    <title>Principles of Rule-Based Expert Systems.</title>
    <pages>163-216</pages>
    <year>1983</year>
    <volume>22</volume>
    <journal>Advances in Computers</journal>
    <url>db/journals/ac/ac22.html#BuchananD83</url>
  </article>
  <article>
    <author>Charles J. Fleckenstein</author>
    <author>Helen Gill</author>
    <author>David Hemmendinger</author>
    <author>Carolyn McCreary</author>
    <author>John D. McG#226or</author>
    <author>Roy P. Pargas</author>
    <author>Arthur M. Riehl</author>
    <author>Virgil Wallentine</author>
    <title>Multiprocessing.</title>
    <pages>255-324</pages>
    <year>1992</year>
    <volume>35</volume>
    <journal>Advances in Computers</journal>
    <url>db/journals/ac/ac35.html#FleckensteinGHMMPRW92</url>
  </article>
  <article>
    <author>Andries van Dam</author>
    <author>David E. Rice</author>
    <title>Computers and Publishing: Writing, Editing, and Printing.</title>
    <pages>145-174</pages>
    <year>1970</year>
    <volume>10</volume>
    <journal>Advances in Computers</journal>
    <url>db/journals/ac/ac10.html#DamR70</url>
  </article>
  <article>
    <author>Mary Carol Day</author>
    <author>Susan J. Boyce</author>
    <title>Human Factors in Human-Computer System Design.</title>
    <pages>333-430</pages>
    <year>1993</year>
    <volume>36</volume>
    <journal>Advances in Computers</journal>
    <url>db/journals/ac/ac36.html#DayB93</url>
  </article>
  <article>
    <author>E. F. Codd</author>
    <title>Multiprogramming.</title>
    <pages>77-153</pages>
    <year>1962</year>
    <volume>3</volume>
    <journal>Advances in Computers</journal>
    <url>db/journals/ac/ac3.html#Codd62</url>
  </article>
  <article>
    <author>Frederick P. Brooks Jr.</author>
    <title>Computer-Man Communication: Using Graphics in the Instructional Process.</title>
    <pages>129-143</pages>
    <year>1970</year>
    <volume>10</volume>
    <journal>Advances in Computers</journal>
    <url>db/journals/ac/ac10.html#Brooks70</url>
  </article>
  <article>
    <author>G. K. Gupta</author>
    <title>International Developments in Information Privacy.</title>
    <pages>253-294</pages>
    <year>1984</year>
    <volume>23</volume>
    <journal>Advances in Computers</journal>
    <url>db/journals/ac/ac23.html#Gupta84</url>
  </article>
  <article>
    <author>James Stark Draper</author>
    <title>Military Information Processing.</title>
    <pages>1-67</pages>
    <year>1988</year>
    <volume>27</volume>
    <journal>Advances in Computers</journal>
    <url>db/journals/ac/ac27.html#Draper88</url>
  </article>
  <article>
    <author>Joel H. Saltz</author>
    <author>Gagan Agrawal</author>
    <author>Chialin Chang</author>
    <author>Raja Das</author>
    <author>Guy Edjlali</author>
    <author>Paul Havlak</author>
    <author>Yuan-Shin Hwang</author>
    <author>Bongki Moon</author>
    <author>Ravi Ponnusamy</author>
    <author>Shamik D. Sharma</author>
    <author>Alan Sussman</author>
    <author>Mustafa Uysal</author>
    <title>Programming Ir#226ular Applications: Runtime Support, Compilation and Tools.</title>
    <pages>105-153</pages>
    <year>1997</year>
    <volume>45</volume>
    <journal>Advances in Computers</journal>
    <url>db/journals/ac/ac45.html#SaltzACDEHHMPSSU97</url>
  </article>
  <article>
    <author>L. J. Koczela</author>
    <title>The Distrubuted Processor Organization.</title>
    <pages>285-353</pages>
    <year>1968</year>
    <volume>9</volume>
    <journal>Advances in Computers</journal>
    <url>db/journals/ac/ac9.html#Koczela68</url>
  </article>
  <article>
    <author>James H. Cross II</author>
    <author>Elliot J. Chikofsky</author>
    <author>Charles H. May Jr.</author>
    <title>Reverse Engineering.</title>
    <pages>199-254</pages>
    <year>1992</year>
    <volume>35</volume>
    <journal>Advances in Computers</journal>
    <url>db/journals/ac/ac35.html#CrossCM92</url>
  </article>
  <article>
    <author>Alan W. Biermann</author>
    <title>Approaches to Automatic Programming.</title>
    <pages>1-63</pages>
    <year>1976</year>
    <volume>15</volume>
    <journal>Advances in Computers</journal>
    <url>db/journals/ac/ac15.html#Biermann76</url>
  </article>
  <article>
    <author>Saul I. Gass</author>
    <title>Recent Developments in Linear Programming.</title>
    <pages>295-377</pages>
    <year>1961</year>
    <volume>2</volume>
    <journal>Advances in Computers</journal>
    <url>db/journals/ac/ac2.html#Gass61</url>
  </article>
  <article>
    <author>C. William Gear</author>
    <title>Numerical Software: Science or Alchemy?</title>
    <pages>229-248</pages>
    <year>1980</year>
    <volume>19</volume>
    <journal>Advances in Computers</journal>
    <url>db/journals/ac/ac19.html#Gear80</url>
  </article>
  <article>
    <author>C. C. Gotlieb</author>
    <title>General-Purpose Programming for Business Applications.</title>
    <pages>1-42</pages>
    <year>1960</year>
    <volume>1</volume>
    <journal>Advances in Computers</journal>
    <url>db/journals/ac/ac1.html#Gotlieb60</url>
  </article>
  <article>
    <author>L. M. Spandorfer</author>
    <title>Large Scale Integration - an Appraisal.</title>
    <pages>179-238</pages>
    <year>1968</year>
    <volume>9</volume>
    <journal>Advances in Computers</journal>
    <url>db/journals/ac/ac9.html#Spandorfer68</url>
  </article>
  <article>
    <author>Saburo Muroga</author>
    <title>Computer-Aided Logic Synthesis for VLSI Chips.</title>
    <pages>1-103</pages>
    <year>1991</year>
    <volume>32</volume>
    <journal>Advances in Computers</journal>
    <url>db/journals/ac/ac32.html#Muroga91</url>
  </article>
  <article>
    <author>Irving John Good</author>
    <title>Speculations Concerning the First Ultraintelligent Machine.</title>
    <pages>31-88</pages>
    <year>1965</year>
    <volume>6</volume>
    <journal>Advances in Computers</journal>
    <url>db/journals/ac/ac6.html#Good65</url>
  </article>
  <article>
    <author>John C. Murtha</author>
    <title>Highly Parallel Information Processing Systems.</title>
    <pages>1-116</pages>
    <year>1966</year>
    <volume>7</volume>
    <journal>Advances in Computers</journal>
    <url>db/journals/ac/ac7.html#Murtha66</url>
  </article>
  <article>
    <author>C. V. Ramamoorthy</author>
    <author>Atul Prakash</author>
    <author>Vijay K. Garg</author>
    <author>Tsuneo Yamaura</author>
    <author>Anupam Bhide</author>
    <title>Issues in the Development of Large, Distributed, and Reliable Software.</title>
    <pages>393-443</pages>
    <year>1987</year>
    <volume>26</volume>
    <journal>Advances in Computers</journal>
    <url>db/journals/ac/ac26.html#RamamoorthyPGYB87</url>
  </article>
  <article>
    <author>David R. Hill</author>
    <title>Man-Machine Interaction Using Speech.</title>
    <pages>165-230</pages>
    <year>1971</year>
    <volume>11</volume>
    <journal>Advances in Computers</journal>
    <url>db/journals/ac/ac11.html#Hill71</url>
  </article>
  <article>
    <author>Andries van Dam</author>
    <title>Computer Driven Displays and Their Use in Man/Machine Interaction.</title>
    <pages>239-290</pages>
    <year>1966</year>
    <volume>7</volume>
    <journal>Advances in Computers</journal>
    <url>db/journals/ac/ac7.html#Dam66</url>
  </article>
  <article>
    <author>Thomas E. Cheatham Jr.</author>
    <author>Judy A. Townley</author>
    <title>A Look at Programming and Programming Systems.</title>
    <pages>45-76</pages>
    <year>1976</year>
    <volume>14</volume>
    <journal>Advances in Computers</journal>
    <url>db/journals/ac/ac14.html#CheathamT76</url>
  </article>
  <article>
    <author>Adam A. Porter</author>
    <author>Harvey P. Siy</author>
    <author>Lawrence G. Votta</author>
    <title>A Review of Software Inspections.</title>
    <pages>39-76</pages>
    <year>1996</year>
    <volume>42</volume>
    <journal>Advances in Computers</journal>
    <url>db/journals/ac/ac42.html#PorterSV96</url>
  </article>
  <article>
    <author>Ming T. Liu</author>
    <title>Distributed Loop Computer Networks.</title>
    <pages>163-221</pages>
    <year>1978</year>
    <volume>17</volume>
    <journal>Advances in Computers</journal>
    <url>db/journals/ac/ac17.html#Liu78</url>
  </article>
  <article>
    <author>Ming T. Liu</author>
    <title>Protocol Engineering.</title>
    <pages>79-195</pages>
    <year>1989</year>
    <volume>29</volume>
    <journal>Advances in Computers</journal>
    <url>db/journals/ac/ac29.html#Liu89</url>
  </article>
  <article>
    <author>Ming T. Liu</author>
    <title>Network Interconnection and Protocol Conversion.</title>
    <pages>119-239</pages>
    <year>1996</year>
    <volume>42</volume>
    <journal>Advances in Computers</journal>
    <url>db/journals/ac/ac42.html#Liu96</url>
  </article>
  <article>
    <author>Harry D. Huskey</author>
    <title>An Introduction to Procedure-Oriented Languages.</title>
    <pages>349-377</pages>
    <year>1964</year>
    <volume>5</volume>
    <journal>Advances in Computers</journal>
    <url>db/journals/ac/ac5.html#Huskey64</url>
  </article>
  <article>
    <author>Sandra A. Mamrak</author>
    <title>The Design and Development of Resource-Sharing Services in Computer Communications Networks: A Survey.</title>
    <pages>183-219</pages>
    <year>1977</year>
    <volume>16</volume>
    <journal>Advances in Computers</journal>
    <url>db/journals/ac/ac16.html#Mamrak77</url>
  </article>
  <article>
    <author>Shari Lawrence Pfleeger</author>
    <title>Experimentation in Software Engineering.</title>
    <pages>127-167</pages>
    <year>1997</year>
    <volume>44</volume>
    <journal>Advances in Computers</journal>
    <url>db/journals/ac/ac44.html#Pfleeger97</url>
  </article>
  <article>
    <author>Richard G. Hamlet</author>
    <title>Software Quality, Software Process, and Software Testing.</title>
    <pages>191-229</pages>
    <year>1995</year>
    <volume>41</volume>
    <journal>Advances in Computers</journal>
    <url>db/journals/ac/ac41.html#Hamlet95</url>
  </article>
  <article>
    <author>Wing N. Toy</author>
    <title>Fault-Tolerant Computing.</title>
    <pages>201-279</pages>
    <year>1987</year>
    <volume>26</volume>
    <journal>Advances in Computers</journal>
    <url>db/journals/ac/ac26.html#Toy87</url>
  </article>
  <article>
    <author>William A. Curtin</author>
    <title>Multiple Computer Systems.</title>
    <pages>245-303</pages>
    <year>1963</year>
    <volume>4</volume>
    <journal>Advances in Computers</journal>
    <url>db/journals/ac/ac4.html#Curtin63</url>
  </article>
  <article>
    <author>Charles DeCarlo</author>
    <title>Humanism, Technology, and Language.</title>
    <pages>1-6</pages>
    <year>1970</year>
    <volume>10</volume>
    <journal>Advances in Computers</journal>
    <url>db/journals/ac/ac10.html#DeCarlo70</url>
  </article>
  <article>
    <author>Harold F. Skramstad</author>
    <title>Combined Analog-Digital Techniques in Simulation.</title>
    <pages>275-298</pages>
    <year>1962</year>
    <volume>3</volume>
    <journal>Advances in Computers</journal>
    <url>db/journals/ac/ac3.html#Skramstad62</url>
  </article>
  <article>
    <author>B. Chandrasekaran</author>
    <author>Sanjay Mittal</author>
    <title>Conceptual Representation of Medical Knowledge for Diagnosis by Computer: MDX and Related Systems.</title>
    <pages>217-293</pages>
    <year>1983</year>
    <volume>22</volume>
    <journal>Advances in Computers</journal>
    <url>db/journals/ac/ac22.html#ChandrasekaranM83</url>
  </article>
  <article>
    <author>W. J. Poppelbaum</author>
    <title>What Next in Computer Technology?</title>
    <pages>1-21</pages>
    <year>1968</year>
    <volume>9</volume>
    <journal>Advances in Computers</journal>
    <url>db/journals/ac/ac9.html#Poppelbaum68</url>
  </article>
  <article>
    <author>W. J. Poppelbaum</author>
    <title>Statistical Processors.</title>
    <pages>187-230</pages>
    <year>1976</year>
    <volume>14</volume>
    <journal>Advances in Computers</journal>
    <url>db/journals/ac/ac14.html#Poppelbaum76</url>
  </article>
  <article>
    <author>George J. Klir</author>
    <title>Developments in Uncertainty-Based Information.</title>
    <pages>255-332</pages>
    <year>1993</year>
    <volume>36</volume>
    <journal>Advances in Computers</journal>
    <url>db/journals/ac/ac36.html#Klir93</url>
  </article>
  <article>
    <author>A. R. Hurson</author>
    <author>M. W. Bright</author>
    <title>Multidatabase Systems: An Advanced Concept in Handling Distributed Data.</title>
    <pages>149-200</pages>
    <year>1991</year>
    <volume>32</volume>
    <journal>Advances in Computers</journal>
    <url>db/journals/ac/ac32.html#HursonB91</url>
  </article>
  <article>
    <author>Susan L. Graham</author>
    <author>Michael A. Harrison</author>
    <title>Parsing of General Context-Free Languages.</title>
    <pages>77-185</pages>
    <year>1976</year>
    <volume>14</volume>
    <journal>Advances in Computers</journal>
    <url>db/journals/ac/ac14.html#GrahamH76</url>
  </article>
  <article>
    <author>Judith M. S. Prewitt</author>
    <title>Parametric and Nonparametric Recognition by Computer: An Application to Leukocyte Image Processing.</title>
    <pages>285-414</pages>
    <year>1972</year>
    <volume>12</volume>
    <journal>Advances in Computers</journal>
    <url>db/journals/ac/ac12.html#Prewitt72</url>
  </article>
  <article>
    <author>Ben Lee</author>
    <author>A. R. Hurson</author>
    <title>Issues in Dataflow Computing.</title>
    <pages>285-333</pages>
    <year>1993</year>
    <volume>37</volume>
    <journal>Advances in Computers</journal>
    <url>db/journals/ac/ac37.html#LeeH93</url>
  </article>
  <article>
    <author>Thomas A. DeFanti</author>
    <author>Maxine D. Brown</author>
    <title>Visualization in Scientific Computing.</title>
    <pages>247-305</pages>
    <year>1991</year>
    <volume>33</volume>
    <journal>Advances in Computers</journal>
    <url>db/journals/ac/ac33.html#DeFantiB91</url>
  </article>
  <article>
    <author>David J. Kuck</author>
    <title>Parallel Processing of Ordinary Programs.</title>
    <pages>119-179</pages>
    <year>1976</year>
    <volume>15</volume>
    <journal>Advances in Computers</journal>
    <url>db/journals/ac/ac15.html#Kuck76</url>
  </article>
  <article>
    <author>H. T. Kung</author>
    <title>The Structure of Parallel Algorithms.</title>
    <pages>65-112</pages>
    <year>1980</year>
    <volume>19</volume>
    <journal>Advances in Computers</journal>
    <url>db/journals/ac/ac19.html#Kung80</url>
  </article>
  <article>
    <author>Richard B. Kieburtz</author>
    <author>E. E. Newhall</author>
    <title>Balanced Magnetic Circuits for Logic and Memory Devices.</title>
    <pages>231-317</pages>
    <year>1971</year>
    <volume>11</volume>
    <journal>Advances in Computers</journal>
    <url>db/journals/ac/ac11.html#KieburtzN71</url>
  </article>
  <article>
    <author>David K. Hsiao</author>
    <title>Data Base Computers.</title>
    <pages>1-64</pages>
    <year>1980</year>
    <volume>19</volume>
    <journal>Advances in Computers</journal>
    <url>db/journals/ac/ac19.html#Hsiao80</url>
  </article>
  <article>
    <author>John M. Long</author>
    <title>Computer-Based Medical Systems.</title>
    <pages>145-195</pages>
    <year>1994</year>
    <volume>38</volume>
    <journal>Advances in Computers</journal>
    <url>db/journals/ac/ac38.html#Long94</url>
  </article>
  <article>
    <author>Alfs T. Berztiss</author>
    <author>Satish Thatte</author>
    <title>Specification and Implementation of Abstract Data Types.</title>
    <pages>295-353</pages>
    <year>1983</year>
    <volume>22</volume>
    <journal>Advances in Computers</journal>
    <url>db/journals/ac/ac22.html#BerztissT83</url>
  </article>
  <article>
    <author>Paul W. Abrahams</author>
    <title>Symbol Manipulation Languages.</title>
    <pages>51-111</pages>
    <year>1968</year>
    <volume>9</volume>
    <journal>Advances in Computers</journal>
    <url>db/journals/ac/ac9.html#Abrahams68</url>
  </article>
  <article>
    <author>Anthony Debons</author>
    <title>Command and Control: Technology and Social Impact.</title>
    <pages>319-390</pages>
    <year>1971</year>
    <volume>11</volume>
    <journal>Advances in Computers</journal>
    <url>db/journals/ac/ac11.html#Debons71</url>
  </article>
  <article>
    <author>Anthony Debons</author>
    <title>Foundations of Information Science.</title>
    <pages>325-378</pages>
    <year>1990</year>
    <volume>31</volume>
    <journal>Advances in Computers</journal>
    <url>db/journals/ac/ac31.html#Debons90</url>
  </article>
  <article>
    <author>V. Vemuri</author>
    <title>Artificial Neural Networks in Control Applications.</title>
    <pages>203-254</pages>
    <year>1993</year>
    <volume>36</volume>
    <journal>Advances in Computers</journal>
    <url>db/journals/ac/ac36.html#Vemuri93</url>
  </article>
  <article>
    <author>Orestes N. Stavroudis</author>
    <title>Automatic Optical Design.</title>
    <pages>227-255</pages>
    <year>1964</year>
    <volume>5</volume>
    <journal>Advances in Computers</journal>
    <url>db/journals/ac/ac5.html#Stavroudis64</url>
  </article>
  <article>
    <author>Srilata Raman</author>
    <author>Lalit M. Patnaik</author>
    <title>Optimization Via Evolutionary Processes.</title>
    <pages>155-196</pages>
    <year>1997</year>
    <volume>45</volume>
    <journal>Advances in Computers</journal>
    <url>db/journals/ac/ac45.html#RamanP97</url>
  </article>
  <article>
    <author>Thomas A. M&#xFC;ck</author>
    <title>Active Databases: Concepts and Design Support.</title>
    <pages>107-189</pages>
    <year>1994</year>
    <volume>39</volume>
    <journal>Advances in Computers</journal>
    <url>db/journals/ac/ac39.html#Muck94</url>
  </article>
  <article>
    <author>Suresh C. Kothari</author>
    <author>Heekuck Oh</author>
    <title>Neural Networks for Pattern Recognition.</title>
    <pages>119-166</pages>
    <year>1993</year>
    <volume>37</volume>
    <journal>Advances in Computers</journal>
    <url>db/journals/ac/ac37.html#KothariO93</url>
  </article>
  <article>
    <author>David J. Carney</author>
    <author>Alan W. Brown</author>
    <title>On the Necessary Conditions for the Composition of Integrated Software Engineering Environments.</title>
    <pages>157-189</pages>
    <year>1995</year>
    <volume>41</volume>
    <journal>Advances in Computers</journal>
    <url>db/journals/ac/ac41.html#CarneyB95</url>
  </article>
  <article>
    <author>Michael Conrad</author>
    <title>Molecular Computing.</title>
    <pages>235-324</pages>
    <year>1990</year>
    <volume>31</volume>
    <journal>Advances in Computers</journal>
    <url>db/journals/ac/ac31.html#Conrad90</url>
  </article>
  <article>
    <author>J. H. Ahlberg</author>
    <title>Spline Approximation and Computer-Aided Design.</title>
    <pages>275-289</pages>
    <year>1970</year>
    <volume>10</volume>
    <journal>Advances in Computers</journal>
    <url>db/journals/ac/ac10.html#Ahlberg70</url>
  </article>
  <article>
    <author>Thomas M. Conte</author>
    <author>Wen-mei W. Hwu</author>
    <title>Advances in Benchmarking Techniques: New Standards and Quantitative Metrics.</title>
    <pages>231-253</pages>
    <year>1995</year>
    <volume>41</volume>
    <journal>Advances in Computers</journal>
    <url>db/journals/ac/ac41.html#ConteH95</url>
  </article>
  <article>
    <author>R. Narasimhan</author>
    <title>Programming Languages and Computers: A Unified Metatheory.</title>
    <pages>189-245</pages>
    <year>1967</year>
    <volume>8</volume>
    <journal>Advances in Computers</journal>
    <url>db/journals/ac/ac8.html#Narasimhan67</url>
  </article>
  <article>
    <author>Gordon Pask</author>
    <title>A Discussion of Artificial Intelligence and Self-Organization.</title>
    <pages>109-226</pages>
    <year>1964</year>
    <volume>5</volume>
    <journal>Advances in Computers</journal>
    <url>db/journals/ac/ac5.html#Pask64</url>
  </article>
  <article>
    <author>Apostolos Dollas</author>
    <author>J. D. Sterling Babcock</author>
    <title>Rapid Prototyping of Microelectronic Systems.</title>
    <pages>65-125</pages>
    <year>1995</year>
    <volume>40</volume>
    <journal>Advances in Computers</journal>
    <url>db/journals/ac/ac40.html#DollasB95</url>
  </article>
  <article>
    <author>Lee J. White</author>
    <title>Software Testing and Verification.</title>
    <pages>335-391</pages>
    <year>1987</year>
    <volume>26</volume>
    <journal>Advances in Computers</journal>
    <url>db/journals/ac/ac26.html#White87</url>
  </article>
  <book>
    <author>Steve Wilson</author>
    <author>Jeff Kesselman</author>
    <title>Java Platform Performance - Strategies and Tactics</title>
    <publisher>Addison-Wesley</publisher>
    <year>2000</year>
    <isbn>0-201-70969-4</isbn>
  </book>
  <book>
    <author>Patrick E. O'Neil</author>
    <author>Elizabeth J. O'Neil</author>
    <title>Database: Principles, Programming, and Performance, Second Edition</title>
    <publisher>Morgan Kaufmann</publisher>
    <year>2000</year>
    <isbn>1-55860-438-3</isbn>
  </book>
  <book>
    <author>Carlo Batini</author>
    <author>Stefano Ceri</author>
    <author>Shamkant B. Navathe</author>
    <title>Conceptual Database Design: An Entity-Relationship Approach.</title>
    <publisher>Benjamin/Cummings</publisher>
    <year>1992</year>
    <isbn>0-8053-0244-1</isbn>
  </book>
  <book>
    <author>Heikki Mannila</author>
    <author>Kari-Jouko R&#xE4;ih&#xE4;</author>
    <title>Design of Relational Databases</title>
    <publisher>Addison-Wesley</publisher>
    <year>1992</year>
    <isbn>0-201-56523-4</isbn>
  </book>
  <inproceedings>
    <author>Victor Vianu</author>
    <title>Databases and Finite-Model Theory.</title>
    <pages>97-148</pages>
    <year>1996</year>
    <crossref>conf/dimacs/1996</crossref>
    <booktitle>Descriptive Complexity and Finite Models</booktitle>
    <url>db/conf/dimacs/dimacs1996.html#Vianu96</url>
  </inproceedings>
  <inproceedings>
    <author>Klaus Berberich</author>
    <author>Michalis Vazirgiannis</author>
    <author>Gerhard Weikum</author>
    <title>T-Rank: Time-Aware Authority Ranking.</title>
    <pages>131-142</pages>
    <ee>http://springerlink.metapress.com/openurl.asp?genre=article&amp;issn=0302-9743&amp;volume=3243&amp;spage=131</ee>
    <year>2004</year>
    <crossref>conf/waw/2004</crossref>
    <booktitle>WAW</booktitle>
    <url>db/conf/waw/waw2004.html#BerberichVW04</url>
  </inproceedings>
  <incollection>
    <author>Gerhard Weikum</author>
    <title>Web Caching.</title>
    <pages>191-216</pages>
    <year>2003</year>
    <booktitle>Web &amp; Datenbanken</booktitle>
    <url>db/books/collections/RahmV03.html#Weikum03</url>
    <crossref>books/dp/RahmV03</crossref>
  </incollection>
  <incollection>
    <author>Gerhard Weikum</author>
    <title>Web Caching.</title>
    <pages>191-216</pages>
    <year>2003</year>
    <booktitle>Web &amp; Datenbanken</booktitle>
    <url>db/books/collections/RahmV03.html#Weikum03</url>
    <crossref>books/dp/RahmV03</crossref>
  </incollection>
  <incollection>
    <author>Christof Hasse</author>
    <author>Gerhard Weikum</author>
    <title>Inter- and Intra-Transaction Parallelism for Combined OLTP/OLAP Workloads.</title>
    <pages>0-</pages>
    <year>1997</year>
    <booktitle>Advanced Transaction Models and Architectures</booktitle>
    <url>db/books/collections/JajodiaK97.html#HasseW97</url>
  </incollection>
  <inproceedings>
    <author>Norman May</author>
    <author>Sven Helmer</author>
    <author>Carl-Christian Kanne</author>
    <author>Guido Moerkotte</author>
    <title>XQuery Processing in Natix with an Emphasis on Join Ordering.</title>
    <pages>49-54</pages>
    <year>2004</year>
    <crossref>conf/ximep/2004</crossref>
    <booktitle>XIME-P</booktitle>
    <url>db/conf/ximep/ximep2004.html#MayHKM04</url>
  </inproceedings>
  <inproceedings>
    <author>Xiaogang Li</author>
    <author>Swarup Kumar Sahoo</author>
    <author>Gagan Agrawal</author>
    <title>XQuery Perspective: Using XML/XQuery for Scientific Applications and Applying Scientific Compilation Techniques.</title>
    <pages>25-30</pages>
    <year>2004</year>
    <crossref>conf/ximep/2004</crossref>
    <booktitle>XIME-P</booktitle>
    <url>db/conf/ximep/ximep2004.html#LiSA04</url>
  </inproceedings>
  <inproceedings>
    <author>Leonidas Fegaras</author>
    <title>The Joy of SAX.</title>
    <pages>61-66</pages>
    <year>2004</year>
    <crossref>conf/ximep/2004</crossref>
    <booktitle>XIME-P</booktitle>
    <url>db/conf/ximep/ximep2004.html#Fegaras04</url>
  </inproceedings>
  <inproceedings>
    <author>Per Bothner</author>
    <title>Compiling XQuery to Java bytecodes.</title>
    <pages>31-36</pages>
    <year>2004</year>
    <crossref>conf/ximep/2004</crossref>
    <booktitle>XIME-P</booktitle>
    <url>db/conf/ximep/ximep2004.html#Bothner04</url>
  </inproceedings>
  <inproceedings>
    <author>Kevin S. Beyer</author>
    <author>Roberta Cochrane</author>
    <author>Latha S. Colby</author>
    <author>Fatma Ozcan</author>
    <author>Hamid Pirahesh</author>
    <title>XQery for Analytics: Challenges and Requirements.</title>
    <pages>3-8</pages>
    <year>2004</year>
    <crossref>conf/ximep/2004</crossref>
    <booktitle>XIME-P</booktitle>
    <url>db/conf/ximep/ximep2004.html#BeyerCCOP04</url>
  </inproceedings>
  <inproceedings>
    <author>Attila Barta</author>
    <author>Mariano P. Consens</author>
    <author>Alberto O. Mendelzon</author>
    <title>XML Query Optimization Using Path Indexes.</title>
    <pages>43-48</pages>
    <year>2004</year>
    <crossref>conf/ximep/2004</crossref>
    <booktitle>XIME-P</booktitle>
    <url>db/conf/ximep/ximep2004.html#BartaCM04</url>
  </inproceedings>
  <inproceedings>
    <author>Torsten Grust</author>
    <author>Stefan Klinger</author>
    <title>Schema Validation and Type Annotation for Encoded Trees.</title>
    <pages>55-60</pages>
    <year>2004</year>
    <crossref>conf/ximep/2004</crossref>
    <booktitle>XIME-P</booktitle>
    <url>db/conf/ximep/ximep2004.html#GrustK04</url>
  </inproceedings>
  <inproceedings>
    <author>Thorsten Fiebig</author>
    <author>Harald Sch&#xF6;ning</author>
    <title>Software AG's Tamino XQuery Processor.</title>
    <pages>19-24</pages>
    <year>2004</year>
    <crossref>conf/ximep/2004</crossref>
    <booktitle>XIME-P</booktitle>
    <url>db/conf/ximep/ximep2004.html#FiebigS04</url>
  </inproceedings>
  <inproceedings>
    <author>Avinash Vyas</author>
    <author>Mary F. Fern&#xE1;ndez</author>
    <author>J&#xE9;r&#xF4;me Sim&#xE9;on</author>
    <title>The Simplest XML Storage Manager Ever.</title>
    <pages>37-42</pages>
    <year>2004</year>
    <crossref>conf/ximep/2004</crossref>
    <booktitle>XIME-P</booktitle>
    <url>db/conf/ximep/ximep2004.html#VyasFS04</url>
  </inproceedings>
  <inproceedings>
    <author>Dominic Dunkley</author>
    <author>Fran&#xE7;ois Pinaud</author>
    <title>The Scalability of Xyleme Zone Server.</title>
    <pages>9-18</pages>
    <year>2004</year>
    <crossref>conf/ximep/2004</crossref>
    <booktitle>XIME-P</booktitle>
    <url>db/conf/ximep/ximep2004.html#DunkleyP04</url>
  </inproceedings>
  <proceedings>
    <editor>Ioana Manolescu</editor>
    <editor>Yannis Papakonstantinou</editor>
    <title>Proceedings of the First International Workshop on XQuery Implementation, Experience and Perspectives &lt;XIME-P/&gt;, in cooperation with ACM SIGMOD, June 17-18, 2004, Maison de la Chimie, Paris, France</title>
    <booktitle>XIME-P</booktitle>
    <year>2004</year>
    <url>db/conf/ximep/ximep2004.html</url>
  </proceedings>
  <proceedings>
    <editor>Herv&#xE9; Gallaire</editor>
    <editor>Jack Minker</editor>
    <title>Logic and Data Bases, Symposium on Logic and Data Bases, Centre d'&#xE9;tudes et de recherches de Toulouse, 1977.</title>
    <series>Advances in Data Base Theory</series>
    <publisher>Plemum Press</publisher>
    <address>New York</address>
    <year>1978</year>
    <isbn>0-306-40060-X</isbn>
    <url>db/conf/adbt/adbt77.html</url>
  </proceedings>
  <proceedings>
    <editor>Herv&#xE9; Gallaire</editor>
    <editor>Jean-Marie Nicolas</editor>
    <editor>Jack Minker</editor>
    <title>Advances in Data Base Theory, Vol. 2, Based on the Proceedings of the Workshop on Logical Data Bases, December 14-17, 1982, Centre d'&#xE9;tudes et de recherches de Toulouse, France</title>
    <series>Advances in Data Base Theory</series>
    <publisher>Plemum Press</publisher>
    <address>New York</address>
    <year>1984</year>
    <isbn>0-306-41636-0</isbn>
    <url>db/conf/adbt/adbt82.html</url>
  </proceedings>
  <proceedings>
    <editor>Herv&#xE9; Gallaire</editor>
    <editor>Jean-Marie Nicolas</editor>
    <editor>Jack Minker</editor>
    <title>Advances in Data Base Theory, Vol. 1, Based on the Proceedings of the Workshop on Formal Bases for Data Bases, December 12-14, 1979, Centre d'Etudes et de Recherches de l'Ecole Nationale Sup&#xE9;rieure de l'A&#xE9;ronautique et de l'Espace de Toulouse (CERT), France</title>
    <series>Advances in Data Base Theory</series>
    <publisher>Plemum Press</publisher>
    <address>New York</address>
    <year>1981</year>
    <isbn>0-306-40629-2</isbn>
    <url>db/conf/adbt/adbt79.html</url>
  </proceedings>
  <proceedings>
    <title>23rd Annual Symposium on Foundations of Computer Science, 3-5 November 1982, Chicago, Illinois, USA</title>
    <booktitle>FOCS</booktitle>
    <month>3-5 November</month>
    <year>1982</year>
    <address>Chicago, Illinois</address>
    <publisher>IEEE</publisher>
  </proceedings>
</dblp>
