<datasets>
  <dataset>
    <title>Proper Motions of Stars in the Zone Catalogue -40 to -52 degrees
of 20843 Stars for 1900</title>
    <altname>1005</altname>
    <altname>I/5</altname>
    <altname>Proper Motions in Cape Zone Catalogue -40/-52</altname>
    <reference>
      <source>
        <other>
          <title>Proper Motions of Stars in the Zone Catalogue -40 to -52 degrees
of 20843 Stars for 1900</title>
          <author>
            <initial>J</initial>
            <initial>H</initial>
            <lastName>Spencer</lastName>
          </author>
          <author>
            <initial>J</initial>
            <lastName>Jackson</lastName>
          </author>
          <name>His Majesty's Stationery Office, London</name>
          <publisher>???</publisher>
          <city>???</city>
          <date>
            <year>1936</year>
          </date>
        </other>
      </source>
    </reference>
    <keywords>
      <keyword>Positional data</keyword>
      <keyword>Proper motions</keyword>
    </keywords>
    <descriptions>
      <description>
        <para>This catalog, listing the proper motions of 20,843 stars
    from the Cape Astrographic Zones, was compiled from three series of
    photographic plates. The plates were taken at the Royal Observatory,
    Cape of Good Hope, in the following years: 1892-1896, 1897-1910,
    1923-1928. Data given include centennial proper motion, photographic
    and visual magnitude, Harvard spectral type, Cape Photographic
    Durchmusterung (CPD) identification, epoch, right ascension and
    declination for 1900.</para>
      </description>
      <details/>
    </descriptions>
    <tableHead>
      <tableLinks>
        <tableLink>
          <title>The catalogue</title>
        </tableLink>
      </tableLinks>
      <fields>
        <field>
          <name>---</name>
          <definition>Number 5</definition>
          <units>---</units>
        </field>
        <field>
          <name>CZC</name>
          <definition>Catalogue Identification Number</definition>
          <units>---</units>
        </field>
        <field>
          <name>Vmag</name>
          <definition>Visual Magnitude</definition>
          <units>mag</units>
        </field>
        <field>
          <name>RAh</name>
          <definition>Right Ascension for 1900 hours</definition>
          <units>h</units>
        </field>
        <field>
          <name>RAm</name>
          <definition>Right Ascension for 1900 minutes</definition>
          <units>min</units>
        </field>
        <field>
          <name>RAcs</name>
          <definition>Right Ascension seconds in 0.01sec 1900</definition>
          <units>0.01s</units>
        </field>
        <field>
          <name>DE-</name>
          <definition>Declination Sign</definition>
          <units>---</units>
        </field>
        <field>
          <name>DEd</name>
          <definition>Declination for 1900 degrees</definition>
          <units>deg</units>
        </field>
        <field>
          <name>DEm</name>
          <definition>Declination for 1900 arcminutes</definition>
          <units>arcmin</units>
        </field>
        <field>
          <name>DEds</name>
          <definition>Declination for 1900 arcseconds</definition>
          <units>0.1arcsec</units>
        </field>
        <field>
          <name>Ep-1900</name>
          <definition>Epoch -1900</definition>
          <units>cyr</units>
        </field>
        <field>
          <name>CPDZone</name>
          <definition>Cape Photographic
                                        Durchmusterung Zone</definition>
          <units>---</units>
        </field>
        <field>
          <name>CPDNo</name>
          <definition>Cape Photographic Durchmusterung Number</definition>
          <units>---</units>
        </field>
        <field>
          <name>Pmag</name>
          <definition>Photographic Magnitude</definition>
          <units>mag</units>
        </field>
        <field>
          <name>Sp</name>
          <definition>HD Spectral Type</definition>
          <units>---</units>
        </field>
        <field>
          <name>pmRAs</name>
          <definition>Proper Motion in RA
      <footnote><para>the relation is   pmRA = 15 * pmRAs * cos(DE)
    if pmRAs is expressed in s/yr and pmRA in arcsec/yr</para></footnote>
     </definition>
          <units>0.1ms/yr</units>
        </field>
        <field>
          <name>pmRA</name>
          <definition>Proper Motion in RA</definition>
          <units>mas/yr</units>
        </field>
        <field>
          <name>pmDE</name>
          <definition>Proper Motion in Dec</definition>
          <units>mas/yr</units>
        </field>
      </fields>
    </tableHead>
    <history>
      <ingest>
        <creator>
          <lastName>Julie Anne Watko</lastName>
          <affiliation>SSDOO/ADC</affiliation>
        </creator>
        <date>
          <year>1995</year>
          <month>Nov</month>
          <day>03</day>
        </date>
      </ingest>
    </history>
    <identifier>I_5.xml</identifier>
  </dataset>
  <dataset>
    <title>Catalogue of 20554 Faint Stars in the Cape Astrographic Zone -40 to -52 Degrees
for the Equinox of 1900.0</title>
    <altname>1006</altname>
    <altname>I/6</altname>
    <altname>Cape 20554 Faint Stars, -40 to -52, 1900.0</altname>
    <reference>
      <source>
        <other>
          <title>Catalogue of 20554 Faint Stars in the Cape Astrographic Zone -40 to -52 Degrees
for the Equinox of 1900.0</title>
          <author>
            <initial>J</initial>
            <initial>H</initial>
            <lastName>Spencer</lastName>
          </author>
          <author>
            <initial>J</initial>
            <lastName>Jackson</lastName>
          </author>
          <name>His Majesty's Stationery Office, London</name>
          <publisher>???</publisher>
          <city>???</city>
          <date>
            <year>1939</year>
          </date>
          <bibcode>1939HMSO..C......0S</bibcode>
        </other>
      </source>
    </reference>
    <keywords>
      <keyword>Positional data</keyword>
      <keyword>Proper motions</keyword>
    </keywords>
    <descriptions>
      <description>
        <para>This catalog contains positions, precessions, proper motions, and
  photographic magnitudes for 20,554 stars.  These were derived from
  photographs taken at the Royal Observatory, Cape of Good Hope between 1923
  and 1928.  It covers the astrographic zones -40 degrees to -52 degrees of
  declination.  The positions are given for epoch 1900 (1900.0).  It includes
  spectral types for many of the stars listed.  It extends the earlier
  catalogs derived from the same plates to fainter magnitudes.  The
  computer-readable version consists of a single data table.</para>
        <para>The stated probable error for the star positions is 0.024 seconds of time
  (R.A.) and 0.25 seconds of arc (dec.) for stars with one determination,
  0.017 seconds of time, and 0.18 seconds of arc for two determinations, and
  0.014 / 0.15 for stars with three determinations.</para>
        <para>The precession and secular variations were derived from Newcomb's constants.</para>
        <para>The authors quote probable errors of the proper motions in both coordinates
  of 0.008 seconds of arc for stars with one determination, 0.0055 seconds for
  stars with two determinations, and 0.0044 for stars with three.</para>
        <para>The photographic magnitudes were derived from the measured diameters on the
  photographic plates and from the magnitudes given in the Cape Photographic
  Durchmusterung.</para>
        <para>The spectral classification of the cataloged stars was done with the
  assistance of Annie Jump Cannon of the Harvard College Observatory.</para>
        <para>The user should consult the source reference for more details of the
  measurements and reductions.  See also the notes in this document for
  additional information on the interpretation of the entries.</para>
      </description>
      <details/>
    </descriptions>
    <tableHead>
      <tableLinks>
        <tableLink>
          <title>Data</title>
        </tableLink>
      </tableLinks>
      <fields>
        <field>
          <name>ID</name>
          <definition>Cape Number</definition>
          <units>---</units>
        </field>
        <field>
          <name>rem</name>
          <definition>Remark
      <footnote><para>A = Astrographic Star
   F = Faint Proper Motion Star
   N = Other Note</para></footnote>
     </definition>
          <units>---</units>
        </field>
        <field>
          <name>CPDZone</name>
          <definition>Cape Phot. Durchmusterung (CPD) Zone
      <footnote><para>All CPD Zones are negative. - signs are not included in data.
        "0" in column 8 signifies Astrographic Plate instead of CPD.</para></footnote>
     </definition>
          <units>---</units>
        </field>
        <field>
          <name>CPD</name>
          <definition>CPD Number or Astrographic Plate
      <footnote><para>See also note on CPDZone.
        Astrographic plate listed "is the more southerly on which the
        star occurs." Thus, y-coordinate is positive wherever possible.</para></footnote>
     </definition>
          <units>---</units>
        </field>
        <field>
          <name>n_CPD</name>
          <definition>[1234] Remarks
      <footnote><para>A number from 1-4 appears in this byte for double stars where
    the same CPD number applies to more than one star.</para></footnote>
     </definition>
          <units>---</units>
        </field>
        <field>
          <name>mpg</name>
          <definition>Photographic Magnitude
      <footnote><para>The Photographic Magnitude is "determined from the CPD Magnitude
        and the diameter on the Cape Astrographic Plates by means of the
        data given in the volume on the Magnitudes of Stars in the Cape
        Zone Catalogue."
    A null value (99.9) signifies a variable star.</para></footnote>
     </definition>
          <units>mag</units>
        </field>
        <field>
          <name>RAh</name>
          <definition>Mean Right Ascension hours 1900</definition>
          <units>h</units>
        </field>
        <field>
          <name>RAm</name>
          <definition>Mean Right Ascension minutes 1900</definition>
          <units>min</units>
        </field>
        <field>
          <name>RAs</name>
          <definition>Mean Right Ascension seconds 1900</definition>
          <units>s</units>
        </field>
        <field>
          <name>DEd</name>
          <definition>Mean Declination degrees 1900</definition>
          <units>deg</units>
        </field>
        <field>
          <name>DEm</name>
          <definition>Mean Declination arcminutes 1900</definition>
          <units>arcmin</units>
        </field>
        <field>
          <name>DEs</name>
          <definition>Mean Declination arcseconds 1900</definition>
          <units>arcsec</units>
        </field>
        <field>
          <name>N</name>
          <definition>Number of Observations</definition>
          <units>---</units>
        </field>
        <field>
          <name>Epoch</name>
          <definition>Epoch +1900</definition>
          <units>yr</units>
        </field>
        <field>
          <name>pmRA</name>
          <definition>Proper Motion in RA seconds of time</definition>
          <units>s/a</units>
        </field>
        <field>
          <name>pmRAas</name>
          <definition>Proper Motion in RA arcseconds</definition>
          <units>arcsec/a</units>
        </field>
        <field>
          <name>pmDE</name>
          <definition>Proper Motion in Dec arcseconds</definition>
          <units>arcsec/a</units>
        </field>
        <field>
          <name>Sp</name>
          <definition>HD Spectral Type</definition>
          <units>---</units>
        </field>
      </fields>
    </tableHead>
    <history>
      <ingest>
        <creator>
          <lastName>Julie Anne Watko</lastName>
          <affiliation>SSDOO/ADC</affiliation>
        </creator>
        <date>
          <year>1996</year>
          <month>Mar</month>
          <day>26</day>
        </date>
      </ingest>
    </history>
    <identifier>I_6.xml</identifier>
  </dataset>
  <dataset>
    <title>Proper Motions of 1160 Late-Type Stars</title>
    <altname>1014</altname>
    <altname>I/14</altname>
    <altname>Proper Motions of 1160 Late-Type Stars</altname>
    <reference>
      <source>
        <journal>
          <title>Proper Motions of 1160 Late-Type Stars</title>
          <author>
            <initial>H</initial>
            <initial>J</initial>
            <lastName>Fogh Olsen</lastName>
          </author>
          <name>Astron. Astrophys. Suppl. Ser.</name>
          <volume>2</volume>
          <pageno>69</pageno>
          <date>
            <year>1970</year>
          </date>
          <bibcode>1970A&amp;AS....2...69O</bibcode>
        </journal>
      </source>
      <related><holding>II/38 : Stars observed photoelectrically by Dickow et al.
     <xlink/>
    </holding>Fogh Olsen H.J. 1970, Astron. Astrophys. Suppl. Ser., 2, 69.
   Fogh Olsen H.J. 1970, Astron. Astrophys., Suppl. Ser., 1, 189.</related>
    </reference>
    <keywords>
      <keyword>Proper motions</keyword>
    </keywords>
    <descriptions>
      <description>
        <para>Improved proper motions for the 1160 stars contained in the photometric
   catalog by Dickow et al. (1970) are presented. Most of the proper motions
   are from the GC, transferred to the system of FK4. For stars not included
   in the GC, preliminary AGK or SAO proper motions are given. Fogh Olsen
   (Astron. Astrophys. Suppl. Ser., 1, 189, 1970) describes the method of
   improvement. The mean errors of the centennial proper motions increase with
   increasing magnitude. In Right Ascension, these range from 0.0043/cos(dec)
   for very bright stars to 0.096/cos(dec) for the faintest stars. In Dec-
   lination, the range is from 0.065 to 1.14.</para>
      </description>
      <details/>
    </descriptions>
    <tableHead>
      <tableLinks>
        <tableLink>
          <title>Proper motion data</title>
        </tableLink>
      </tableLinks>
      <fields>
        <field>
          <name>No</name>
          <definition>Number
      <footnote><para>Henry Draper or Bonner Durchmusterung number</para></footnote>
     </definition>
          <units>---</units>
        </field>
        <field>
          <name>pmRA</name>
          <definition>Centennial Proper Motion RA</definition>
          <units>s/ca</units>
        </field>
        <field>
          <name>pmDE</name>
          <definition>Centennial Proper Motion Dec</definition>
          <units>arcsec/ca</units>
        </field>
        <field>
          <name>RV</name>
          <definition>Radial Velocity</definition>
          <units>km/s</units>
        </field>
      </fields>
    </tableHead>
    <history>
      <ingest>
        <creator>
          <lastName>Julie Anne Watko</lastName>
          <affiliation>ADC</affiliation>
        </creator>
        <date>
          <year>1996</year>
          <month>Jun</month>
          <day>03</day>
        </date>
      </ingest>
    </history>
    <identifier>I_14.xml</identifier>
  </dataset>
  <dataset>
    <title>Katalog von 3356 Schwachen Sternen fuer das Aequinoktium 1950
+89 degrees</title>
    <altname>1016</altname>
    <altname>I/16</altname>
    <altname>Catalog of 3356 Faint Stars, 1950</altname>
    <reference>
      <source>
        <other>
          <title>Katalog von 3356 Schwachen Sternen fuer das Aequinoktium 1950
+89 degrees</title>
          <author>
            <initial>J</initial>
            <lastName>Larink</lastName>
          </author>
          <author>
            <initial>A</initial>
            <lastName>Bohrmann</lastName>
          </author>
          <author>
            <initial>H</initial>
            <lastName>Kox</lastName>
          </author>
          <author>
            <initial>J</initial>
            <lastName>Groeneveld</lastName>
          </author>
          <author>
            <initial>H</initial>
            <lastName>Klauder</lastName>
          </author>
          <name>Verlag der Sternwarte, Hamburg-Bergedorf</name>
          <publisher>???</publisher>
          <city>???</city>
          <date>
            <year>1955</year>
          </date>
          <bibcode>1955</bibcode>
        </other>
      </source>
    </reference>
    <keywords>
      <keyword>Fundamental catalog</keyword>
      <keyword>Positional data</keyword>
      <keyword>Proper motions</keyword>
    </keywords>
    <descriptions>
      <description>
        <para>This catalog of 3356 faint stars was derived from meridian circle
   observations at the Bergedorf and Heidelberg Observatories. The
   positions are given for the equinox 1950 on the FK3 system. The stars
   are mainly between 8.0 and 10.0 visual magnitude. A few are brighter
   than 8.0 mag. The lower limit in brightness resulted from the visibility
   of the stars.</para>
      </description>
      <details>
        <para>All stars were observed at both the Heidelberg and Bergedorf
   Observatories. Normally, at each observatory, two observations were
   obtained with the clamp east and two with the clamp west. The mean
   errors are comparable for the two observatories with no significant
   systematic difference in the positions between them. The mean errors of
   the resulting positions should be approximated 0.011s/cos(dec) in right
   ascension and ).023" in declination.</para>
        <para>The proper motions were derived from a comparison with the catalog
   positions with the positions in the AGK2 and AGK2A with a 19 year
   baseline and from a comparison of new positions with those in Kuestner
   1900 with about a fifty year baseline.</para>
        <para>The magnitudes were taken from the AGK2. Most spectral types were
   determined by A. N. Vyssotsky. A few are from the Bergedorfer
   Spektraldurchmusterung.</para>
      </details>
    </descriptions>
    <tableHead>
      <tableLinks>
        <tableLink>
          <title>The catalog</title>
        </tableLink>
      </tableLinks>
      <fields>
        <field>
          <name>ID</name>
          <definition>Catalog number</definition>
          <units>---</units>
        </field>
        <field>
          <name>DMz</name>
          <definition>BD zone</definition>
          <units>---</units>
        </field>
        <field>
          <name>DMn</name>
          <definition>BD number</definition>
          <units>---</units>
        </field>
        <field>
          <name>mag</name>
          <definition>Photographic magnitude</definition>
          <units>mag</units>
        </field>
        <field>
          <name>Sp</name>
          <definition>Spectral class</definition>
          <units>---</units>
        </field>
        <field>
          <name>RAh</name>
          <definition>Right Ascension hours (1950)</definition>
          <units>h</units>
        </field>
        <field>
          <name>RAm</name>
          <definition>Right Ascension minutes (1950)</definition>
          <units>min</units>
        </field>
        <field>
          <name>RAs</name>
          <definition>Right Ascension seconds (1950)</definition>
          <units>s</units>
        </field>
        <field>
          <name>Pr-RA1</name>
          <definition>First order precession in RA per century</definition>
          <units>0.01s/a</units>
        </field>
        <field>
          <name>Pr-RA2</name>
          <definition>Second order precession in RA per century</definition>
          <units>0.0001s2/a2</units>
        </field>
        <field>
          <name>pmRA</name>
          <definition>Proper motion in RA from AGK2 positions</definition>
          <units>0.01s/a</units>
        </field>
        <field>
          <name>pmRA2</name>
          <definition>Proper motion in RA from Kuestner positions</definition>
          <units>0.01s/a</units>
        </field>
        <field>
          <name>DE-</name>
          <definition>Sign of declination (1950)</definition>
          <units>---</units>
        </field>
        <field>
          <name>DEd</name>
          <definition>Declination degrees (1950)</definition>
          <units>deg</units>
        </field>
        <field>
          <name>DEm</name>
          <definition>Declination minutes (1950)</definition>
          <units>arcmin</units>
        </field>
        <field>
          <name>DEs</name>
          <definition>Declination seconds (1950)</definition>
          <units>arcsec</units>
        </field>
        <field>
          <name>Pr-de1</name>
          <definition>First order precession in dec per century</definition>
          <units>arcsec/ha</units>
        </field>
        <field>
          <name>Pr-de2</name>
          <definition>Second order precession in dec per century</definition>
          <units>arcsec2/ha2</units>
        </field>
        <field>
          <name>pmdec</name>
          <definition>Proper motion in DE from AGK2 positions</definition>
          <units>arcsec/ha</units>
        </field>
        <field>
          <name>pmdec2</name>
          <definition>Proper motion in DE from Kuestner positions</definition>
          <units>arcsec/ha</units>
        </field>
        <field>
          <name>epoch</name>
          <definition>Epoch of observation - 1900.0</definition>
          <units>yr</units>
        </field>
        <field>
          <name>rem</name>
          <definition>Note for star in printed catalog
      <footnote><para>1 = ma (blend?)
   3 = pr (preceding)
   4 = seq (following)
   5 = bor (northern)
   6 = au (southern)
   * = other note in printed volume (All notes in the printed volume have not
       been indicated in this version.)
   the printed volume sometimes has additional information on the systems with
   numerical remarks.</para></footnote>
     </definition>
          <units>---</units>
        </field>
      </fields>
    </tableHead>
    <history>
      <ingest>
        <creator>
          <lastName>Nancy Grace Roman</lastName>
          <affiliation>ADC/SSDOO</affiliation>
        </creator>
        <date>
          <year>1996</year>
          <month>Feb</month>
          <day>01</day>
        </date>
      </ingest>
    </history>
    <identifier>I_16.xml</identifier>
  </dataset>
  <dataset>
    <title>Cape Photographic Durchmusterung (CPD) Part I: zones -18 to -37 degrees</title>
    <altname>1108</altname>
    <altname>I/108</altname>
    <altname>Cape Photographic Durchmusterung</altname>
    <reference>
      <source>
        <other>
          <title>Cape Photographic Durchmusterung (CPD) Part I: zones -18 to -37 degrees</title>
          <author>
            <initial>D</initial>
            <lastName>Gill</lastName>
          </author>
          <author>
            <initial>J</initial>
            <initial>C</initial>
            <lastName>Kapteyn</lastName>
          </author>
          <name>Cape Photographic Durchmusterung, Ann. Cape Obs. 3</name>
          <publisher>???</publisher>
          <city>???</city>
          <date>
            <year>1895</year>
          </date>
          <bibcode>1896AnCap...3....1G</bibcode>
        </other>
        <other>
          <title>Cape Photographic Durchmusterung (CPD) Part I: zones -18 to -37 degrees</title>
          <author>
            <initial>D</initial>
            <lastName>Gill</lastName>
          </author>
          <author>
            <initial>J</initial>
            <initial>C</initial>
            <lastName>Kapteyn</lastName>
          </author>
          <name>Cape Photographic Durchmusterung, Ann. Cape Obs. 4</name>
          <publisher>???</publisher>
          <city>???</city>
          <date>
            <year>1897</year>
          </date>
          <bibcode>1897AnCap...4....1G</bibcode>
        </other>
        <other>
          <title>Cape Photographic Durchmusterung (CPD) Part I: zones -18 to -37 degrees</title>
          <author>
            <initial>D</initial>
            <lastName>Gill</lastName>
          </author>
          <author>
            <initial>J</initial>
            <initial>C</initial>
            <lastName>Kapteyn</lastName>
          </author>
          <name>Cape Photographic Durchmusterung, Ann. Cape Obs. 5</name>
          <publisher>???</publisher>
          <city>???</city>
          <date>
            <year>1900</year>
          </date>
          <bibcode>1900AnCap...5....1G</bibcode>
        </other>
      </source>
    </reference>
    <keywords>
      <keyword>Surveys</keyword>
      <keyword>Durchmusterungen</keyword>
    </keywords>
    <descriptions>
      <description>
        <para>The "Cape Photographic Durchmusterung" (CPD, Gill and Kapteyn
   1895-1900) is a photographic survey of southern stars in the
   declination range -18 deg to -90 degrees. The original goal of the
   work was to carry out a southern survey similar to those of the
   "Bonner Durchmusterung" (BD, Argelander 1859-1862, see also
   Kuestner 1903) and Schoenfeld (1886) and the "Cordoba
   Durchmusterung" (CD, Thome 1892-1932) but using photographic plates
   which would provide a permanent record of the sky at the epoch of
   observation. The summary of the positional uncertainties quoted in
   the third volume of the published catalog gives +/- 0.28 sec
   (R.A.), +/- 0.044 arcmin (Dec.) for zones -18 to -57 degrees, +/-
   0.157 sec + 0.0764/cos(delta) sec (R.A.), +/- 0.056 arcmin (Dec.)
   for zones -58 to -85 degrees, and +/- 0.157 sec + 0.0353/cos(delta)
   sec (R.A.), +/- 0.0127 arcmin (Dec.) for the polar plate where, as
   explained in the intro- duction to the third volume, many positions
   were derived from rectangular coordinates (these are positions
   reported to 0.1 sec (R.A.) and 0.001 arcmin (Dec.) in the -86 to
   -89 degree zones in the catalog). The probable error of a
   photographic magnitude, as determined by combining results for
   different magnitudes and weighting proportionately according to the
   numbers of stars in each class of magnitude, is given as +/- 0.055
   mag. From an analysis of the faint magnitude limits on the plates
   discussed in the third volume introduction, the catalog as a
   whole can be considered complete to photographic magnitude 9.2, but
   it is stated that it will be found practically complete, in or near
   the Milky Way, to magnitude 9.5.</para>
      </description>
      <details>
        <para>The complete catalog is contained in the data file, and corrections
   published in all errata have been made to the data. The machine
   version contains 454877 records, but only 454875 stars (two stars
   were later deleted, but their logical records are retained in the
   file so that the zone counts are not different from the published
   catalog).</para>
        <para>A list of corrections made to the original data as a result of
   errata published in the three volumes is presented in cpchg.dat.
   No other corrections or changes have been incorporated into the
   original data, e.g., from more modern positions and magnitudes
   or comparison with other catalogs. The original ADC document
   contains the total number of stars in each declination zone and
   the number added and deleted in each zone.</para>
        <para>Data are present for all stars in the catalog, including some which
   have been deleted in the errata; these have been flagged by a "D"
   in byte 11 of each respective record, but the records and data have
   been left in the machine version in order not to change the star
   counts and numerical sequencing and so that the stars appear in the
   correct locations if the catalog is sorted by right ascension.</para>
      </details>
    </descriptions>
    <tableHead>
      <tableLinks>
        <tableLink>
          <title>The CPD catalog</title>
        </tableLink>
      </tableLinks>
      <fields>
        <field>
          <name>cat</name>
          <definition>The catalog prefix</definition>
          <units>---</units>
        </field>
        <field>
          <name>zonesign</name>
          <definition>The sign of the declination zone</definition>
          <units>---</units>
        </field>
        <field>
          <name>zone</name>
          <definition>The declination zone</definition>
          <units>deg</units>
        </field>
        <field>
          <name>num</name>
          <definition>The number of the star within the zone</definition>
          <units>---</units>
        </field>
        <field>
          <name>suppl</name>
          <definition>star in corrigenda
      <footnote><para>a, b, or c: star is added in the corrigenda; D: star is deleted in
     the corrigenda</para></footnote>
     </definition>
          <units>---</units>
        </field>
        <field>
          <name>mag</name>
          <definition>Estimated photographic magnitude
      <footnote><para>20.0 = neb; 30.0 = var</para></footnote>
     </definition>
--
          <definition>Current Value</definition>
          <units>---</units>
        </field>
      </fields>
    </tableHead>
    <textFile>
      <name>adc.doc</name>
      <description>
        <para>Documentation in plain ascii by ADC</para>
      </description>
    </textFile>
    <textFile>
      <name>doc.tex</name>
      <description>
        <para>ADC document in LaTeX</para>
      </description>
    </textFile>
    <history>
      <ingest>
        <creator>
          <lastName>Francois Ochsenbein</lastName>
          <affiliation>CDS</affiliation>
        </creator>
        <date>
          <year>1995</year>
          <month>Oct</month>
          <day>13</day>
        </date>
      </ingest>
      <revisions>
        <revision>
          <creator>
            <lastName>UNKNOWN</lastName>
          </creator>
          <date>
            <year>UNKNOWN</year>
          </date>
          <para>* See section 4 "Remarks and Modifications" in the document file
   (adc.doc  or  doc.tex), and the list of modifications in file "changes.dat"
 * A previous version is on the "Selected Astronomical Catalogs" Vol. 1
   CD-ROM (October 1991), directory /astrom/gc
 * This standardized "ReadMe" document file was written in October 1995
   at CDS (Francois Ochsenbein), using the ADC documentation written
   by Nancy G. Roman and Wayne H. Warren Jr.</para>
        </revision>
      </revisions>
    </history>
    <identifier>I_113A.xml</identifier>
  </dataset>

  <dataset>
    <title>A study of the asymmetry of Fe I lines in the solar spectrum</title>
    <altname>J/A+A/274/555</altname>
    <altname>J/A+A/274/555</altname>
    <altname>A study of the asymmetry of Fe I lines in the</altname>
    <reference>
      <source>
        <journal>
          <title>A study of the asymmetry of Fe I lines in the solar spectrum</title>
          <author>
            <initial>M</initial>
            <lastName>Stathopoulou</lastName>
          </author>
          <author>
            <initial>C</initial>
            <initial>E</initial>
            <lastName>Alissandrakis</lastName>
          </author>
          <name>Astron. Astrophys.</name>
          <volume>274</volume>
          <pageno>555</pageno>
          <date>
            <year>1993</year>
          </date>
          <bibcode>1993A&amp;A...274..555S</bibcode>
        </journal>
      </source>
    </reference>
    <keywords>
      <keyword>Line Profiles</keyword>
      <keyword>Sun</keyword>
    </keywords>
    <keywords>
      <keyword>line: profiles</keyword>
      <keyword>Sun: granulation</keyword>
      <keyword>Sun: photosphere</keyword>
    </keywords>
    <descriptions>
      <description>
        <heading>*** No Description Available ***</heading>
      </description>
      <details/>
    </descriptions>
    <tableHead>
      <tableLinks>
        <tableLink>
          <title>Measures of 75 Fe I lines</title>
        </tableLink>
      </tableLinks>
      <fields>
        <field>
          <name>---</name>
          <definition>Serial number of line</definition>
          <units>---</units>
        </field>
        <field>
          <name>Lambda</name>
          <definition>Wavelength of line</definition>
          <units>0.1nm</units>
        </field>
        <field>
          <name>Chi</name>
          <definition>Excitation potential</definition>
          <units>eV</units>
        </field>
        <field>
          <name>I0(1.0)</name>
          <definition>Central line intensity</definition>
          <units>%</units>
        </field>
        <field>
          <name>I0(0.2)</name>
          <definition>Central line intensity</definition>
          <units>%</units>
        </field>
        <field>
          <name>I0(flux)</name>
          <definition>Central line intensity</definition>
          <units>%</units>
        </field>
        <field>
          <name>W(1.0)</name>
          <definition>Equivalent width</definition>
          <units>0.1pm</units>
        </field>
        <field>
          <name>W(0.2)</name>
          <definition>Equivalent width</definition>
          <units>0.1pm</units>
        </field>
        <field>
          <name>W(flux)</name>
          <definition>Equivalent width</definition>
          <units>0.1pm</units>
        </field>
        <field>
          <name>logTau_0(1.0)</name>
          <definition>Log of optical depth at line center</definition>
          <units>---</units>
        </field>
        <field>
          <name>logTau_0(0.2)</name>
          <definition>Log of optical depth at line center</definition>
          <units>---</units>
        </field>
        <field>
          <name>logTau_m(flux)</name>
          <definition>Log of optical depth at line center</definition>
          <units>---</units>
        </field>
        <field>
          <name>logTau_m(1.0)</name>
          <definition>Log of mean optical depth</definition>
          <units>---</units>
        </field>
        <field>
          <name>logTau_m(0.2)</name>
          <definition>Log of mean optical depth</definition>
          <units>---</units>
        </field>
        <field>
          <name>logTau_m(flux)</name>
          <definition>Log of mean optical depth</definition>
          <units>---</units>
        </field>
        <field>
          <name>&lt;Alpha&gt;(1.0)</name>
          <definition>Median value of line asymmetry</definition>
          <units>m/s</units>
        </field>
        <field>
          <name>&lt;Alpha&gt;(0.2)</name>
          <definition>Median value of line asymmetry</definition>
          <units>m/s</units>
        </field>
        <field>
          <name>&lt;Alpha&gt;(flux)</name>
          <definition>Median value of line asymmetry</definition>
          <units>m/s</units>
        </field>
        <field>
          <name>Alpha_m(1.0)</name>
          <definition>Mean line asymmetry</definition>
          <units>m/s</units>
        </field>
        <field>
          <name>Alpha_m(0.2)</name>
          <definition>Mean line asymmetry</definition>
          <units>m/s</units>
        </field>
        <field>
          <name>Alpha_m(flux)</name>
          <definition>Mean line asymmetry</definition>
          <units>m/s</units>
        </field>
      </fields>
    </tableHead>
    <history>
      <ingest>
        <creator>
          <lastName>Patricia Bauer</lastName>
          <affiliation>CDS</affiliation>
        </creator>
        <date>
          <year>1993</year>
          <month>Sep</month>
          <day>16</day>
        </date>
      </ingest>
    </history>
    <identifier>J_A+A_274_555.xml</identifier>
  </dataset>
  <dataset>
    <title>Radio continuum observations of southern planetary nebulae candidates</title>
    <altname>J/A+A/274/895</altname>
    <altname>J/A+A/274/895</altname>
    <altname>Radio continuum obs of southern planetary</altname>
    <reference>
      <source>
        <journal>
          <title>Radio continuum observations of southern planetary nebulae candidates</title>
          <author>
            <initial>G</initial>
            <initial>C</initial>
            <initial>M</initial>
            <lastName>Van De Steene</lastName>
          </author>
          <author>
            <initial>S</initial>
            <initial>R</initial>
            <lastName>Pottasch</lastName>
          </author>
          <name>Astron. Astrophys.</name>
          <volume>274</volume>
          <pageno>895</pageno>
          <date>
            <year>1993</year>
          </date>
          <bibcode>1993A&amp;A...274..895V</bibcode>
        </journal>
      </source>
    </reference>
    <keywords>
      <keyword>Interstellar medium</keyword>
      <keyword>Nebulae, planetary</keyword>
      <keyword>Radio sources</keyword>
    </keywords>
    <keywords>
      <keyword>infrared: ISM: continuum</keyword>
      <keyword>planetary nebulae: general</keyword>
      <keyword>radio continuum: ISM</keyword>
    </keywords>
    <descriptions>
      <description>
        <heading>*** No Description Available ***</heading>
      </description>
      <details/>
    </descriptions>
    <tableHead>
      <tableLinks>
        <tableLink>
          <title>Far infra-red data of the observed sources</title>
        </tableLink>
      </tableLinks>
      <fields>
        <field>
          <name>IRAS</name>
          <definition>IRAS designation
      <footnote><para>number=1</para><para>the original name was replaced at CDS by the true IRAS name</para></footnote>
     </definition>
          <units>---</units>
        </field>
        <field>
          <name>RAh</name>
          <definition>Right Ascension 1950 (hours)</definition>
          <units>h</units>
        </field>
        <field>
          <name>RAm</name>
          <definition>Right Ascension 1950 (minutes)</definition>
          <units>min</units>
        </field>
        <field>
          <name>RAs</name>
          <definition>Right Ascension 1950 (seconds)</definition>
          <units>s</units>
        </field>
        <field>
          <name>DE-</name>
          <definition>Declination 1950 (sign)</definition>
          <units>-</units>
        </field>
        <field>
          <name>DEd</name>
          <definition>Declination 1950 (degrees)</definition>
          <units>deg</units>
        </field>
        <field>
          <name>DEm</name>
          <definition>Declination 1950 (minutes)</definition>
          <units>arcmin</units>
        </field>
        <field>
          <name>DEs</name>
          <definition>Declination 1950 (seconds)</definition>
          <units>arcsec</units>
        </field>
        <field>
          <name>F12</name>
          <definition>IRAS flux at 12 um</definition>
          <units>Jy</units>
        </field>
        <field>
          <name>F25</name>
          <definition>IRAS flux at 25 um</definition>
          <units>Jy</units>
        </field>
        <field>
          <name>F60</name>
          <definition>IRAS flux at 60 um</definition>
          <units>Jy</units>
        </field>
        <field>
          <name>F100</name>
          <definition>IRAS flux at 100 um</definition>
          <units>Jy</units>
        </field>
        <field>
          <name>FQual</name>
          <definition>Qualities from IRAS (3=good)</definition>
          <units>---</units>
        </field>
        <field>
          <name>Tc</name>
          <definition>Color temperature
      <footnote><para>number=1</para><para>the original name was replaced at CDS by the true IRAS name</para></footnote>
     </definition>
          <units>K</units>
        </field>
        <field>
          <name>FIR</name>
          <definition>Total far infra-red flux
      <footnote><para>number=1</para><para>the original name was replaced at CDS by the true IRAS name</para></footnote>
     </definition>
          <units>10-23W/m2</units>
        </field>
        <field>
          <name>e_FIR</name>
          <definition>rms error on FIR</definition>
          <units>W/m2</units>
        </field>
        <field>
          <name>detected</name>
          <definition>'y' indicates a detection in radio
                                        continuum (table3)</definition>
          <units>---</units>
        </field>
      </fields>
    </tableHead>
    <tableHead>
      <tableLinks>
        <tableLink>
          <title>Radio data of the detected sources</title>
        </tableLink>
      </tableLinks>
      <fields>
        <field>
          <name>IRAS</name>
          <definition>IRAS designation
      <footnote><para>number=1</para><para>the original name was replaced at CDS by the true IRAS name</para></footnote>
     </definition>
          <units>---</units>
        </field>
        <field>
          <name>GLON</name>
          <definition>Galactic longitude</definition>
          <units>deg</units>
        </field>
        <field>
          <name>GLAT</name>
          <definition>Galactic latitude</definition>
          <units>deg</units>
        </field>
        <field>
          <name>RAh</name>
          <definition>Right Ascension 1950 (hours) of radio source</definition>
          <units>h</units>
        </field>
        <field>
          <name>RAm</name>
          <definition>Right Ascension 1950 (minutes)</definition>
          <units>min</units>
        </field>
        <field>
          <name>RAs</name>
          <definition>Right Ascension 1950 (seconds)</definition>
          <units>s</units>
        </field>
        <field>
          <name>DE-</name>
          <definition>Declination 1950 (sign) of radio source</definition>
          <units>-</units>
        </field>
        <field>
          <name>DEd</name>
          <definition>Declination 1950 (degrees)</definition>
          <units>deg</units>
        </field>
        <field>
          <name>DEm</name>
          <definition>Declination 1950 (minutes)</definition>
          <units>arcmin</units>
        </field>
        <field>
          <name>DEs</name>
          <definition>Declination 1950 (seconds)</definition>
          <units>arcsec</units>
        </field>
        <field>
          <name>Dist</name>
          <definition>Distance between IRAS and radio sources</definition>
          <units>arcsec</units>
        </field>
        <field>
          <name>S6cm</name>
          <definition>Radio continuum 6cm flux density</definition>
          <units>mJy</units>
        </field>
        <field>
          <name>e_S6cm</name>
          <definition>error estimate on S6cm</definition>
          <units>mJy</units>
        </field>
        <field>
          <name>l_FWHM</name>
          <definition>Limit flag on FWHM</definition>
          <units>---</units>
        </field>
        <field>
          <name>FWHM</name>
          <definition>radio gaussian diameter at FWHM</definition>
          <units>arcsec</units>
        </field>
        <field>
          <name>l_Diam</name>
          <definition>Limit flag on Diam</definition>
          <units>---</units>
        </field>
        <field>
          <name>Diam</name>
          <definition>Actual diameter</definition>
          <units>arcsec</units>
        </field>
        <field>
          <name>l_Tb</name>
          <definition>Limit flag on Tb</definition>
          <units>---</units>
        </field>
        <field>
          <name>Tb</name>
          <definition>Brightness temperature</definition>
          <units>K</units>
        </field>
        <field>
          <name>IRE</name>
          <definition>InfraRed Excess, ratio of total far-IR flux
                                        to the radio flux</definition>
          <units>---</units>
        </field>
      </fields>
    </tableHead>
    <history>
      <ingest>
        <creator>
          <lastName>James Marcout, Francois Ochsenbein</lastName>
          <affiliation>CDS</affiliation>
        </creator>
        <date>
          <year>1994</year>
          <month>Feb</month>
          <day>04</day>
        </date>
      </ingest>
      <revisions>
        <revision>
          <creator>
            <lastName>UNKNOWN</lastName>
          </creator>
          <date>
            <year>UNKNOWN</year>
          </date>
          <para>keypunched at CDS</para>
        </revision>
      </revisions>
    </history>
    <identifier>J_A+A_274_895.xml</identifier>
  </dataset>
  <dataset>
    <title>The chemical evolution of the galactic disk I. Analysis and results</title>
    <altname>J/A+A/275/101</altname>
    <altname>J/A+A/275/101</altname>
    <altname>The chemical evolution of the galactic disk I.</altname>
    <reference>
      <source>
        <journal>
          <title>The chemical evolution of the galactic disk I. Analysis and results</title>
          <author>
            <initial>B</initial>
            <lastName>Edvardsson</lastName>
          </author>
          <author>
            <initial>J</initial>
            <lastName>Andersen</lastName>
          </author>
          <author>
            <initial>B</initial>
            <lastName>Gustafsson</lastName>
          </author>
          <author>
            <initial>D</initial>
            <initial>L</initial>
            <lastName>Lambert</lastName>
          </author>
          <author>
            <initial>P</initial>
            <initial>E</initial>
            <lastName>Nissen</lastName>
          </author>
          <author>
            <initial>J</initial>
            <lastName>Tomkin</lastName>
          </author>
          <name>Astron. Astrophys.</name>
          <volume>275</volume>
          <pageno>101</pageno>
          <date>
            <year>1993</year>
          </date>
          <bibcode>1993A&amp;A...275..101E</bibcode>
        </journal>
      </source>
    </reference>
    <keywords>
      <keyword>Galaxy: evolution</keyword>
      <keyword>Galaxy: kinematics and dynamics</keyword>
      <keyword>Galaxy: structure</keyword>
      <keyword>stars: atmospheres</keyword>
      <keyword>stars: fundamental parameters</keyword>
    </keywords>
    <descriptions>
      <description>
        <heading>*** No Description Available ***</heading>
      </description>
      <details/>
    </descriptions>
    <tableHead>
      <tableLinks>
        <tableLink>
          <title>Atomic line data and solar equivalent
                                  widths</title>
        </tableLink>
      </tableLinks>
      <fields>
        <field>
          <name>Element</name>
          <definition>Line identification: chemical element and
                                    ionization stage</definition>
          <units>---</units>
        </field>
        <field>
          <name>Lambda</name>
          <definition>Wavelength (Angstroms)</definition>
          <units>0.1nm</units>
        </field>
        <field>
          <name>E</name>
          <definition>Line excitation energy</definition>
          <units>eV</units>
        </field>
        <field>
          <name>log.gf</name>
          <definition>Log gf (oscillator strength)</definition>
          <units>---</units>
        </field>
        <field>
          <name>Factor</name>
          <definition>Enhancement factor to the
                                    "classical van der Waals damping Gamma_6"</definition>
          <units>---</units>
        </field>
        <field>
          <name>Damping</name>
          <definition>Radiation damping constant</definition>
          <units>Hz</units>
        </field>
        <field>
          <name>W</name>
          <definition>Solar flux spectrum equivalent width
                                    (milliAngstrom). The measured equivalent
                                    widths were corrected for 1% scattered light
                                    by multiplication by the factor 1.01 as
                                    described in Sect.2 of PaperII.</definition>
          <units>0.1pm</units>
        </field>
        <field>
          <name>Source</name>
          <definition>for Solar equivalent width:
                                    E=ESO spectrum,
                                    M=McDonald spectrum</definition>
          <units>---</units>
        </field>
      </fields>
    </tableHead>
    <tableHead>
      <tableLinks>
        <tableLink>
          <title>Fundamental data and chemical abundances
                                  of 14 species for the programme stars</title>
        </tableLink>
      </tableLinks>
      <fields>
        <field>
          <name>Name</name>
          <definition>Star catalogue, HR or HD</definition>
          <units>---</units>
        </field>
        <field>
          <name>Teff</name>
          <definition>Effective temperature</definition>
          <units>K</units>
        </field>
        <field>
          <name>log.g</name>
          <definition>Logarithmic surface gravity</definition>
          <units>cm/s2</units>
        </field>
        <field>
          <name>[Me/H]</name>
          <definition>overall photometric metallicity derived for
                                    the stars, normalized on the Sun
                                    ([Me/H] values closer to the resulting
                                    [Fe/H] values were used for the models
                                    of 15 stars, cf. Sect.3.1.1.
                                    [Me/H] values for these 15 are given with
                                    a colon corresponding to parantheses in
                                    the printed version)</definition>
          <units>---</units>
        </field>
        <field>
          <name>u_[Me/H]</name>
          <definition>Uncertainty flag (:) on Me/H
                                    (Note: values are within parantheses in
                                     the printed version)</definition>
          <units>---</units>
        </field>
        <field>
          <name>[Fe/H]</name>
          <definition>resulting spectroscopic iron abundance
                                    (derived from lines of Fe I),
                                    normalized to the Sun</definition>
          <units>---</units>
        </field>
        <field>
          <name>R</name>
          <definition>Heliocentric distance</definition>
          <units>pc</units>
        </field>
        <field>
          <name>U</name>
          <definition>Heliocentric velocity (U is positive towards
                                    the galactic anti-centre),</definition>
          <units>km/s</units>
        </field>
        <field>
          <name>V</name>
          <definition>Heliocentric velocity (V is positive in the
                                    direction of circular motion)</definition>
          <units>km/s</units>
        </field>
        <field>
          <name>W</name>
          <definition>Heliocentric velocity (W is positive towards
                                    the galactic north pole)</definition>
          <units>km/s</units>
        </field>
        <field>
          <name>Rp</name>
          <definition>Perigalactic distance</definition>
          <units>kpc</units>
        </field>
        <field>
          <name>Rm</name>
          <definition>Straight mean of the perigalactic and the
                                    apogalactic distances</definition>
          <units>kpc</units>
        </field>
        <field>
          <name>Zmax</name>
          <definition>Maximum distance from the galactic plane</definition>
          <units>kpc</units>
        </field>
        <field>
          <name>e</name>
          <definition>Orbital eccentricity as projected on the
                                    galactic plane</definition>
          <units>---</units>
        </field>
        <field>
          <name>log.age</name>
          <definition>Logarithm of the stellar age (in Gigayears)
                                    determined from isochrones
                                  NOTE that this parameter is missing
                                     for 7 stars</definition>
          <units>Ga</units>
        </field>
        <field>
          <name>Rem</name>
          <definition>Remarks:
                                  SB  = spectroscopic binaries (with possibly
                                        uncertain distances),
                                  pm  = stars with uncertainties in proper
                                        motions significantly
                                        above 0.005 arcsecs per year
                                  h   = possible hook stars (for which the ages
                                        may be underestimated by 0.15 dex).</definition>
          <units>---</units>
        </field>
        <field>
          <name>[FeI/H]</name>
          <definition>Chemical abundance (normalized to the Sun)</definition>
          <units>---</units>
        </field>
        <field>
          <name>[OI/H]</name>
          <definition>Chemical abundance (normalized to the Sun)</definition>
          <units>---</units>
        </field>
        <field>
          <name>[NaI/H]</name>
          <definition>Chemical abundance (normalized to the Sun)</definition>
          <units>---</units>
        </field>
        <field>
          <name>[MgI/H]</name>
          <definition>Chemical abundance (normalized to the Sun)</definition>
          <units>---</units>
        </field>
        <field>
          <name>[AlI/H]</name>
          <definition>Chemical abundance (normalized to the Sun)</definition>
          <units>---</units>
        </field>
        <field>
          <name>[SiI/H]</name>
          <definition>Chemical abundance (normalized to the Sun)</definition>
          <units>---</units>
        </field>
        <field>
          <name>[CaI/H]</name>
          <definition>Chemical abundance (normalized to the Sun)</definition>
          <units>---</units>
        </field>
        <field>
          <name>[TiI/H]</name>
          <definition>Chemical abundance (normalized to the Sun)</definition>
          <units>---</units>
        </field>
        <field>
          <name>[FeII/H]</name>
          <definition>Chemical abundance (normalized to the Sun)</definition>
          <units>---</units>
        </field>
        <field>
          <name>[NiI/H]</name>
          <definition>Chemical abundance (normalized to the Sun)</definition>
          <units>---</units>
        </field>
        <field>
          <name>[YII/H]</name>
          <definition>Chemical abundance (normalized to the Sun)</definition>
          <units>---</units>
        </field>
        <field>
          <name>[ZrII/H]</name>
          <definition>Chemical abundance (normalized to the Sun)</definition>
          <units>---</units>
        </field>
        <field>
          <name>[BaII/H]</name>
          <definition>Chemical abundance (normalized to the Sun)</definition>
          <units>---</units>
        </field>
        <field>
          <name>[NdII/H]</name>
          <definition>Chemical abundance (normalized to the Sun)</definition>
          <units>---</units>
        </field>
        <field>
          <name>[alpha/H]</name>
          <definition>= 0.25([Mg/H] + [Si/H] + [Ca/H] + [Ti/H])</definition>
          <units>---</units>
        </field>
      </fields>
    </tableHead>
    <history>
      <ingest>
        <creator>
          <staff/>
          <affiliation>CDS</affiliation>
        </creator>
        <date>
          <year>1993</year>
          <month>May</month>
          <day>18</day>
        </date>
      </ingest>
    </history>
    <identifier>J_A+A_275_101.xml</identifier>
  </dataset>
  <dataset>
    <title>Probing the AGB tip: luminous carbon stars in the galactic plane</title>
    <altname>J/A+A/275/163</altname>
    <altname>J/A+A/275/163</altname>
    <altname>Probing the AGB tip: luminous carbon stars in the</altname>
    <reference>
      <source>
        <journal>
          <title>Probing the AGB tip: luminous carbon stars in the galactic plane</title>
          <author>
            <initial>J</initial>
            <initial>H</initial>
            <lastName>Kastner</lastName>
          </author>
          <author>
            <initial>T</initial>
            <lastName>Forveille</lastName>
          </author>
          <author>
            <initial>B</initial>
            <lastName>Zuckerman</lastName>
          </author>
          <author>
            <initial>A</initial>
            <lastName>Omont</lastName>
          </author>
          <name>Astron. Astrophys.</name>
          <volume>275</volume>
          <pageno>163</pageno>
          <date>
            <year>1993</year>
          </date>
          <bibcode>1993A&amp;A...275..163K</bibcode>
        </journal>
      </source>
    </reference>
    <keywords>
      <keyword>circumstellar matter</keyword>
      <keyword>radio lines: stars</keyword>
      <keyword>stars: AGB and post-AGB</keyword>
      <keyword>stars: carbon</keyword>
      <keyword>stars: evolution</keyword>
      <keyword>surveys</keyword>
    </keywords>
    <descriptions>
      <description>
        <heading>*** No Description Available ***</heading>
      </description>
      <details/>
    </descriptions>
    <tableHead>
      <tableLinks>
        <tableLink>
          <title>Sources observed in CO</title>
        </tableLink>
      </tableLinks>
      <fields>
        <field>
          <name>Name</name>
          <definition>IRAS name</definition>
          <units>---</units>
        </field>
        <field>
          <name>RAh</name>
          <definition>Right ascension (1950)</definition>
          <units>h</units>
        </field>
        <field>
          <name>RAm</name>
          <definition>Right ascension (1950)</definition>
          <units>min</units>
        </field>
        <field>
          <name>RAs</name>
          <definition>Right ascension (1950)</definition>
          <units>s</units>
        </field>
        <field>
          <name>DE-</name>
          <definition>Declination sign</definition>
          <units>---</units>
        </field>
        <field>
          <name>DEd</name>
          <definition>Declination (1950)</definition>
          <units>deg</units>
        </field>
        <field>
          <name>DEm</name>
          <definition>Declination (1950)</definition>
          <units>arcmin</units>
        </field>
        <field>
          <name>DEs</name>
          <definition>Declination (1950)</definition>
          <units>arcsec</units>
        </field>
        <field>
          <name>GLON</name>
          <definition>Galactic longitude (lII)</definition>
          <units>deg</units>
        </field>
        <field>
          <name>GLAT</name>
          <definition>Galactic latitude (bII)</definition>
          <units>deg</units>
        </field>
        <field>
          <name>Flux</name>
          <definition>IRAS fluxes: F12,F25,F60</definition>
          <units>Jy</units>
        </field>
        <field>
          <name>Type</name>
          <definition>IRAS LRS type.
                                   Letter designations refer to classification
                                   in Volk et al., 1991, ApJS 77, 607
                                   I= noisy/incomplete, F= featureless
                                   C= SiC emission, E= silicate emission
                                   U= unusual</definition>
          <units>---</units>
        </field>
        <field>
          <name>Index</name>
          <definition>IRAS variability index</definition>
          <units>---</units>
        </field>
        <field>
          <name>Name</name>
          <definition>Other object designations</definition>
          <units>---</units>
        </field>
      </fields>
    </tableHead>
    <tableHead>
      <tableLinks>
        <tableLink>
          <title>CO observations: results</title>
        </tableLink>
      </tableLinks>
      <fields>
        <field>
          <name>Name</name>
          <definition>IRAS name</definition>
          <units>---</units>
        </field>
        <field>
          <name>TB.V(1-0)</name>
          <definition>CO(1-0) line area</definition>
          <units>K.km/s</units>
        </field>
        <field>
          <name>l_TB.V(1-0)</name>
          <definition>CO(1-0) upper limit flag</definition>
          <units>---</units>
        </field>
        <field>
          <name>TB(1-0)</name>
          <definition>CO(1-0) peak antenna temperature TB</definition>
          <units>K</units>
        </field>
        <field>
          <name>V(LSR)(1-0)</name>
          <definition>CO(1-0) LSR velocity</definition>
          <units>km/s</units>
        </field>
        <field>
          <name>Vexp(1-0)</name>
          <definition>CO(1-0) expansion velocity</definition>
          <units>km/s</units>
        </field>
        <field>
          <name>TB.V(2-1)</name>
          <definition>CO(2-1) line area</definition>
          <units>K.km/s</units>
        </field>
        <field>
          <name>l_TB.V(2-1)</name>
          <definition>CO(2-1) upper limit flag</definition>
          <units>---</units>
        </field>
        <field>
          <name>TB(2-1)</name>
          <definition>CO(2-1) peak antenna temperature TB</definition>
          <units>K</units>
        </field>
        <field>
          <name>V(LSR)(2-1)</name>
          <definition>CO(2-1) LSR velocity</definition>
          <units>km/s</units>
        </field>
        <field>
          <name>Vexp(2-1)</name>
          <definition>CO(2-1) expansion velocity</definition>
          <units>km/s</units>
        </field>
      </fields>
    </tableHead>
    <tableHead>
      <tableLinks>
        <tableLink>
          <title>Near-IR photometry of CO sources</title>
        </tableLink>
      </tableLinks>
      <fields>
        <field>
          <name>Name</name>
          <definition>IRAS name</definition>
          <units>---</units>
        </field>
        <field>
          <name>J</name>
          <definition>J(1.25 micron) flux, uncorrected</definition>
          <units>mJy</units>
        </field>
        <field>
          <name>H</name>
          <definition>H(1.65 micron) flux, uncorrected</definition>
          <units>mJy</units>
        </field>
        <field>
          <name>K</name>
          <definition>K(2.2 micron) flux, uncorrected</definition>
          <units>mJy</units>
        </field>
        <field>
          <name>L</name>
          <definition>L(3.5 micron) flux, uncorrected</definition>
          <units>mJy</units>
        </field>
        <field>
          <name>Jc</name>
          <definition>J(1.25 micron) flux, corrected</definition>
          <units>mJy</units>
        </field>
        <field>
          <name>Hc</name>
          <definition>H(1.65 micron) flux, corrected</definition>
          <units>mJy</units>
        </field>
        <field>
          <name>Kc</name>
          <definition>K(2.2 micron) flux, corrected</definition>
          <units>mJy</units>
        </field>
        <field>
          <name>Lc</name>
          <definition>L(3.5 micron) flux, corrected</definition>
          <units>mJy</units>
        </field>
        <field>
          <name>r_flux</name>
          <definition>Reference flag (see note)</definition>
          <units>---</units>
        </field>
      </fields>
    </tableHead>
    <tableHead>
      <tableLinks>
        <tableLink>
          <title>Detections of SiO, H2O and HCN</title>
        </tableLink>
      </tableLinks>
      <fields>
        <field>
          <name>Name</name>
          <definition>IRAS name</definition>
          <units>---</units>
        </field>
        <field>
          <name>Molecule</name>
          <definition>Molecule name</definition>
          <units>---</units>
        </field>
        <field>
          <name>TB</name>
          <definition>Peak antenna temperature TB</definition>
          <units>K</units>
        </field>
        <field>
          <name>V_0</name>
          <definition>LSR velocity</definition>
          <units>km/s</units>
        </field>
        <field>
          <name>DeltaV</name>
          <definition>Line width;
                                     for SiO and H2O detection,
                                              full width at half maximum,
                                     for HCN, half width at zero power</definition>
          <units>km/s</units>
        </field>
      </fields>
    </tableHead>
    <tableHead>
      <tableLinks>
        <tableLink>
          <title>Kinematic distances, bolometric fluxes,
                                 luminosities</title>
        </tableLink>
      </tableLinks>
      <fields>
        <field>
          <name>Name</name>
          <definition>IRAS name</definition>
          <units>---</units>
        </field>
        <field>
          <name>Type</name>
          <definition>Type</definition>
          <units>---</units>
        </field>
        <field>
          <name>Dkin</name>
          <definition>Near kinematic distance</definition>
          <units>kpc</units>
        </field>
        <field>
          <name>Fbol</name>
          <definition>Bolometric flux, uncorrected</definition>
          <units>mW/m2</units>
        </field>
        <field>
          <name>L</name>
          <definition>Luminosity, uncorrected</definition>
          <units>Sun</units>
        </field>
        <field>
          <name>Fbol,0</name>
          <definition>Bolometric flux, corrected</definition>
          <units>mW/m2</units>
        </field>
        <field>
          <name>L_0</name>
          <definition>Luminosity, corrected</definition>
          <units>Sun</units>
        </field>
        <field>
          <name>Fbol,BC</name>
          <definition>Bolometric flux from (12-25) color</definition>
          <units>mW/m2</units>
        </field>
        <field>
          <name>L_BC</name>
          <definition>Luminosity from (12-25) color</definition>
          <units>Sun</units>
        </field>
      </fields>
    </tableHead>
    <history>
      <ingest>
        <creator>
          <lastName>Patricia Bauer</lastName>
          <affiliation>CDS</affiliation>
        </creator>
        <date>
          <year>1993</year>
          <month>Sep</month>
          <day>21</day>
        </date>
      </ingest>
    </history>
    <identifier>J_A+A_275_163.xml</identifier>
  </dataset>


  <dataset>
    <title>Analysis of flare activity in SS 433 on the basis of photoelectric photometry.</title>
    <altname>J/PAZh/23/341</altname>
    <altname>J/PAZh/23/341</altname>
    <altname>BVR observations of SS 433</altname>
    <reference>
      <source>
        <journal>
          <title>Analysis of flare activity in SS 433 on the basis of photoelectric photometry.</title>
          <author>
            <initial>T</initial>
            <initial>R</initial>
            <lastName>Irsmambetova</lastName>
          </author>
          <name>Pis'ma Astron. Zh.</name>
          <volume>23</volume>
          <pageno>341</pageno>
          <date>
            <year>1997</year>
          </date>
          <bibcode>1997PAZh...23..341I</bibcode>
        </journal>
      </source>
    </reference>
    <keywords>
      <keyword>Binaries, X-ray</keyword>
      <keyword>Photometry, UBVRI</keyword>
    </keywords>
    <descriptions>
      <abstract>
        <para>Photoelectric BVR photometry of SS 433 performed between 1988 and 1990
    at Mt. Maidanak is presented.</para>
      </abstract>
      <details>
        <astroObjects>
          <astroObject>
            <name>SS 433</name>
            <position>
              <ra>19 11 49</ra>
              <dec>+04 58 34</dec>
            </position>
          </astroObject>
        </astroObjects>
      </details>
    </descriptions>
    <tableHead>
      <tableLinks>
        <tableLink>
          <title>BVR photometry of SS 433</title>
        </tableLink>
      </tableLinks>
      <fields>
        <field>
          <name>JDH</name>
          <definition>Julian date</definition>
          <units>d</units>
        </field>
        <field>
          <name>Bmag</name>
          <definition>B magnitude</definition>
          <units>mag</units>
        </field>
        <field>
          <name>Vmag</name>
          <definition>V magnitude</definition>
          <units>mag</units>
        </field>
        <field>
          <name>Rmag</name>
          <definition>R magnitude</definition>
          <units>mag</units>
        </field>
      </fields>
    </tableHead>
    <history>
      <ingest>
        <creator>
          <lastName>Veta Avedisova</lastName>
          <affiliation>INASAN</affiliation>
        </creator>
        <date>
          <year>1999</year>
          <month>Feb</month>
          <day>12</day>
        </date>
      </ingest>
    </history>
    <identifier>J_PAZh_23_341.xml</identifier>
  </dataset>
  <dataset>
    <title>Identification and coordinates of variable stars in the globular clusters
M 53 = NGC 5024 and NGC 2808.</title>
    <altname>J/PAZh/23/454</altname>
    <altname>J/PAZh/23/454</altname>
    <altname>Identification and coordinates in M 53</altname>
    <reference>
      <source>
        <journal>
          <title>Identification and coordinates of variable stars in the globular clusters
M 53 = NGC 5024 and NGC 2808.</title>
          <author>
            <initial>N</initial>
            <initial>M</initial>
            <lastName>Evstigneeva</lastName>
          </author>
          <author>
            <initial>N</initial>
            <initial>N</initial>
            <lastName>Samus</lastName>
          </author>
          <author>
            <initial>G</initial>
            <lastName>Alcaino</lastName>
          </author>
          <name>Pis'ma Astron. Zh.</name>
          <volume>23</volume>
          <pageno>454</pageno>
          <date>
            <year>1997</year>
          </date>
          <bibcode>1997PAZh...23..454E</bibcode>
        </journal>
      </source>
      <related>
        <holding>V/97 : Updated 3rd Cat Variable Stars in Globular Clusters (Clement+ 1997)
     <xlink/>
    </holding>
      </related>
    </reference>
    <keywords>
      <keyword>Clusters, globular</keyword>
      <keyword>Positional data</keyword>
      <keyword>Stars, variable</keyword>
    </keywords>
    <descriptions>
      <abstract>
        <para>Equatorial coordinates have been determined for 61 variables in the
    northern globular cluster M 53 and for 12 variables in the southern
    globular cluster NGC 2808 with accuracy sufficient for reliable
    identifications. A number of errors have been revealed in publications
    on variable starts in M 53.</para>
      </abstract>
      <details/>
    </descriptions>
    <tableHead>
      <tableLinks>
        <tableLink>
          <title>Coordinates of variables in M53 and NGC 2808
                                 (Tables 1 &amp; 2 of the paper)</title>
        </tableLink>
      </tableLinks>
      <fields>
        <field>
          <name>NGC</name>
          <definition>NGC number of the globular cluster</definition>
          <units>---</units>
        </field>
        <field>
          <name>Seq</name>
          <definition>Sequential number of the star
      <footnote><para>number=1</para><para>For NGC 5024, VNN: Sawyer Hogg, 1973, Cat. &lt;V/97&gt;,
                              Cl* NGC 5024 SAW VNNN in Simbad
                        KNN: Kravtsov, 1990ATsir1544...21K,
                              Cl* NGC 5024 KRA NN in Simbad
          For NGC 2808, VNN: Clement &amp; Hazen, 1989AJ.....97..414C,
                              Cl* NGC 2808 Saw VNN in Simbad</para></footnote>
     </definition>
          <units>---</units>
        </field>
        <field>
          <name>RAh</name>
          <definition>Right ascension (J2000.0)</definition>
          <units>h</units>
        </field>
        <field>
          <name>RAm</name>
          <definition>Right ascension (J2000.0)</definition>
          <units>min</units>
        </field>
        <field>
          <name>RAs</name>
          <definition>Right ascension (J2000.0)</definition>
          <units>s</units>
        </field>
        <field>
          <name>DE-</name>
          <definition>Declination sign (J2000.0)</definition>
          <units>---</units>
        </field>
        <field>
          <name>DEd</name>
          <definition>Declination (J2000.0)</definition>
          <units>deg</units>
        </field>
        <field>
          <name>DEm</name>
          <definition>Declination (J2000.0)</definition>
          <units>arcmin</units>
        </field>
        <field>
          <name>DEs</name>
          <definition>Declination (J2000.0)</definition>
          <units>arcsec</units>
        </field>
        <field>
          <name>Comp</name>
          <definition>? Pair of components</definition>
          <units>---</units>
        </field>
      </fields>
    </tableHead>
    <history>
      <ingest>
        <creator>
          <lastName>Veta Avedisova</lastName>
          <affiliation>INASAN</affiliation>
        </creator>
        <date>
          <year>1999</year>
          <month>Mar</month>
          <day>10</day>
        </date>
      </ingest>
    </history>
    <identifier>J_PAZh_23_454.xml</identifier>
  </dataset>
  <dataset>
    <title>The nature of visual components in 82 multiple systems</title>
    <altname>J/PAZh/24/307</altname>
    <altname>J/PAZh/24/307</altname>
    <altname>Visual components in 82 multiple systems</altname>
    <reference>
      <source>
        <journal>
          <title>The nature of visual components in 82 multiple systems</title>
          <author>
            <initial>N</initial>
            <initial>I</initial>
            <lastName>Shatsky</lastName>
          </author>
          <name>Pis'ma Astron. Zh.</name>
          <volume>24</volume>
          <pageno>307</pageno>
          <date>
            <year>1998</year>
          </date>
          <bibcode>1998PAZh...24..307S</bibcode>
        </journal>
      </source>
    </reference>
    <keywords>
      <keyword>Photometry</keyword>
      <keyword>Stars, double and multiple</keyword>
    </keywords>
    <descriptions>
      <abstract>
        <para>The results of a BVR photometry observations are presented for
    multiple stars visual subsystems (table2.dat). The objects
    (table1.dat) were observed in 1996 with the 60 cm and 1 m telescopes
    at Maidanak Observatory (Uzbekistan) by aperture and scanning
    photometers. The positional parameters and physical relation of visual
    subsystems are also given (table4.dat).</para>
      </abstract>
      <details/>
    </descriptions>
    <tableHead>
      <tableLinks>
        <tableLink>
          <title>Objects</title>
        </tableLink>
      </tableLinks>
      <fields>
        <field>
          <name>RAh</name>
          <definition>Right Ascention, hours (2000)</definition>
          <units>h</units>
        </field>
        <field>
          <name>RAm</name>
          <definition>Right Ascention, minutes (2000)</definition>
          <units>min</units>
        </field>
        <field>
          <name>RAs</name>
          <definition>Right Ascention, seconds (2000)</definition>
          <units>s</units>
        </field>
        <field>
          <name>DE-</name>
          <definition>Declination sign</definition>
          <units>---</units>
        </field>
        <field>
          <name>DEd</name>
          <definition>Declination, degrees (2000)</definition>
          <units>deg</units>
        </field>
        <field>
          <name>DEm</name>
          <definition>Declination, minutes (2000)</definition>
          <units>arcmin</units>
        </field>
        <field>
          <name>DEs</name>
          <definition>Declination, seconds (2000)</definition>
          <units>arcsec</units>
        </field>
        <field>
          <name>IDS</name>
          <definition>IDS-style designation</definition>
          <units>---</units>
        </field>
        <field>
          <name>ADS</name>
          <definition>ADS number</definition>
          <units>---</units>
        </field>
        <field>
          <name>HD</name>
          <definition>HD (Cat. &lt;III/135&gt;) number</definition>
          <units>---</units>
        </field>
        <field>
          <name>HR</name>
          <definition>HR (Cat. &lt;V/50&gt;) number</definition>
          <units>---</units>
        </field>
      </fields>
    </tableHead>
    <tableHead>
      <tableLinks>
        <tableLink>
          <title>Components BVR photometry</title>
        </tableLink>
      </tableLinks>
      <fields>
        <field>
          <name>IDS</name>
          <definition>IDS-style designation</definition>
          <units>---</units>
        </field>
        <field>
          <name>m_IDS</name>
          <definition>Component(s) name</definition>
          <units>---</units>
        </field>
        <field>
          <name>Vmag</name>
          <definition>0.55 um</definition>
          <units>mag</units>
        </field>
        <field>
          <name>e_Vmag</name>
          <definition>Vmag error</definition>
          <units>mag</units>
        </field>
        <field>
          <name>B-V</name>
          <definition>B-V Color</definition>
          <units>mag</units>
        </field>
        <field>
          <name>e_B-V</name>
          <definition>B-V error</definition>
          <units>mag</units>
        </field>
        <field>
          <name>V-R</name>
          <definition>V-R Color</definition>
          <units>mag</units>
        </field>
        <field>
          <name>e_V-R</name>
          <definition>V-R error</definition>
          <units>mag</units>
        </field>
        <field>
          <name>Nobs</name>
          <definition>Number of observations</definition>
          <units>---</units>
        </field>
        <field>
          <name>Device</name>
          <definition>Technique used
      <footnote><para>number=1</para><para>a : aperture photometer
          s : scanning photometer</para></footnote>
     </definition>
          <units>---</units>
        </field>
        <field>
          <name>Method</name>
          <definition>Extinction Correction Method
      <footnote><para>number=2</para><para>S : Object primary comp.-photometry used
          C : Correction by close standard
          D : Correction by distant standard
          M : Mean extinction correction
          V : Flux variation detected</para></footnote>
     </definition>
          <units>---</units>
        </field>
      </fields>
    </tableHead>
    <tableHead>
      <tableLinks>
        <tableLink>
          <title>Subsystem parameters and status</title>
        </tableLink>
      </tableLinks>
      <fields>
        <field>
          <name>IDS</name>
          <definition>IDS-style designation</definition>
          <units>---</units>
        </field>
        <field>
          <name>Sys</name>
          <definition>Visual subsystem designation</definition>
          <units>---</units>
        </field>
        <field>
          <name>dVmag</name>
          <definition>0.55 um difference</definition>
          <units>mag</units>
        </field>
        <field>
          <name>PA</name>
          <definition>Positional angle</definition>
          <units>deg</units>
        </field>
        <field>
          <name>Rho</name>
          <definition>Separation</definition>
          <units>arcsec</units>
        </field>
        <field>
          <name>Source</name>
          <definition>PA-rho reference
      <footnote><para>number=1</para><para>GSC : Guide Star Catalogue
          Hip : HIPPARCOS (Cat. &lt;I/239&gt;) Catalogue
          Tyc : TYCHO (Cat. &lt;I/239&gt;) Catalogue
          WDS : Washington Catalogue of Visual Double Stars (Cat. &lt;I/237&gt;)
          4M  : Carte du Ciel star
          -  : approximate parameters are given</para></footnote>
     </definition>
          <units>---</units>
        </field>
        <field>
          <name>Status</name>
          <definition>Components relation
      <footnote><para>number=2</para><para>P : physical system
          A : associated pair
          O : optical system criteria:
          h : by hypothetical parallax
          v : close pair: rho&lt;3"
          p : by photometric parallaxes
          m : by proper motions
          r : by radial velocities
          ? : uncertainty flag</para></footnote>
     </definition>
          <units>---</units>
        </field>
        <field>
          <name>Note</name>
          <definition>*: remark in notes4.dat file</definition>
          <units>---</units>
        </field>
      </fields>
    </tableHead>
    <tableHead>
      <tableLinks>
        <tableLink>
          <title>Individual notes to table4.dat</title>
        </tableLink>
      </tableLinks>
      <fields>
        <field>
          <name>IDS</name>
          <definition>IDS-style designation</definition>
          <units>---</units>
        </field>
        <field>
          <name>Com</name>
          <definition>Comments</definition>
          <units>---</units>
        </field>
      </fields>
    </tableHead>
    <history>
      <ingest>
        <creator>
          <lastName>Veta Avedisova</lastName>
          <affiliation>INASAN</affiliation>
        </creator>
        <date>
          <year>1998</year>
          <month>Apr</month>
          <day>06</day>
        </date>
      </ingest>
    </history>
    <identifier>J_PAZh_24_307.xml</identifier>
  </dataset>


</datasets>